form	lemma	POS	morph
Ci	ci	ADVgen	DEGRE=-
comence	comencier	VERcjg	MODE=ind|TEMPS=pst|PERS.=3|NOMB.=s
la	le	DETdef	NOMB.=s|GENRE=f|CAS=r
vie	vie1	NOMcom	NOMB.=s|GENRE=f|CAS=r
et	et	CONcoo	MORPH=empty
la	le	DETdef	NOMB.=s|GENRE=f|CAS=r
passion	passïon	NOMcom	NOMB.=s|GENRE=f|CAS=r
seint	saint	ADJqua	NOMB.=s|GENRE=m|CAS=r|DEGRE=p
Syxte	setiue	NOMpro	NOMB.=s|GENRE=f|CAS=r
le	il	DETdef	PERS.=3|NOMB.=s|GENRE=m|CAS=r
beneoit	benëir	VERcjg	MODE=ind|TEMPS=ipf|PERS.=3|NOMB.=s
martyr	martir	VERinf	NOMB.=s|GENRE=m|CAS=r
Nostre	nostre	DETpos	PERS.=1|NOMB.=s|GENRE=m|CAS=r
Signor	seignor	NOMcom	NOMB.=s|GENRE=m|CAS=r
Jesu	jhesu	NOMpro	NOMB.=s|GENRE=m|CAS=r
Crist	crist	NOMpro	NOMB.=s|GENRE=m|CAS=r
.	.	PONfrt	MORPH=empty
CE	ce1	PROdem	NOMB.=s|GENRE=n|CAS=n
fu	estre1	VERcjg	MODE=ind|TEMPS=psp|PERS.=3|NOMB.=s
el	en1+le	PRE.DETdef	NOMB.=s|GENRE=m|CAS=r
tens	tens	NOMcom	NOMB.=s|GENRE=m|CAS=r
qe	que4	CONsub	MORPH=empty
Decius	deci	PRE	NOMB.=s|GENRE=m|CAS=n
Cesar	cesar	NOMpro	NOMB.=s|GENRE=m|CAS=n
fu	estre1	VERcjg	MODE=ind|TEMPS=psp|PERS.=3|NOMB.=s
empereres	emperëor	NOMcom	NOMB.=s|GENRE=m|CAS=n
qe	que4	CONsub	MORPH=empty
cil	cel	PROdem	NOMB.=p|GENRE=m|CAS=n
qi	qui	PROrel	NOMB.=p|GENRE=m|CAS=n
Nostre	nostre	DETpos	PERS.=1|NOMB.=s|GENRE=m|CAS=r
Signor	seignor	NOMcom	NOMB.=s|GENRE=m|CAS=r
apeloient	apeler	VERcjg	MODE=ind|TEMPS=ipf|PERS.=3|NOMB.=p
estoient	estre1	VERcjg	MODE=ind|TEMPS=ipf|PERS.=3|NOMB.=p
martyrié	martire2	VERppe	NOMB.=p|GENRE=m|CAS=n
et	et	CONcoo	MORPH=empty
soffroient	sofrir	VERcjg	MODE=ind|TEMPS=ipf|PERS.=3|NOMB.=p
griez	grief	ADJqua	NOMB.=p|GENRE=m|CAS=n|DEGRE=p
tormenz	torment	NOMcom	NOMB.=p|GENRE=m|CAS=n
por	por2	PRE	MORPH=empty
l’amor	semor	NOMpro	NOMB.=p|GENRE=f|CAS=r
de	de	PRE	MORPH=empty
Lui	il	PROper	PERS.=3|NOMB.=s|GENRE=m|CAS=i
.	.	PONfrt	MORPH=empty
En	en1	PRE	MORPH=empty
cel	cel	DETdem	NOMB.=s|GENRE=m|CAS=r
tens	tens	NOMcom	NOMB.=s|GENRE=m|CAS=r
estoit	estre1	VERcjg	MODE=ind|TEMPS=ipf|PERS.=3|NOMB.=s
mes	mon1	DETpos	NOMB.=s|GENRE=m|CAS=n
sires	seignor	NOMcom	NOMB.=s|GENRE=m|CAS=n
seins	saint	ADJqua	NOMB.=s|GENRE=m|CAS=n|DEGRE=p
Syxtes	saint	NOMpro	NOMB.=s|GENRE=m|CAS=n
qi	qui	PROrel	NOMB.=s|GENRE=m|CAS=n
estoit	estre1	VERcjg	MODE=ind|TEMPS=ipf|PERS.=3|NOMB.=s
néz	naistre	VERppe	NOMB.=s|GENRE=m|CAS=n
d’Athenes	datenier	NOMcom	NOMB.=p|GENRE=f|CAS=r
.	.	PONfrt	MORPH=empty
Phylosophes	pheporis	NOMpro	NOMB.=s|GENRE=f|CAS=n
fu	estre1	VERcjg	MODE=ind|TEMPS=psp|PERS.=3|NOMB.=s
premiers	premier	ADJord	NOMB.=s|GENRE=m|CAS=n
et	et	CONcoo	MORPH=empty
puis	puis	ADVgen	DEGRE=-
ensivi	ensivre1	VERppe	MODE=ind|TEMPS=psp|PERS.=3|NOMB.=s
les	le	DETdef	NOMB.=p|GENRE=f|CAS=r
oeuvres	uevre	NOMcom	NOMB.=p|GENRE=f|CAS=r
Nostre	nostre	DETpos	PERS.=1|NOMB.=s|GENRE=m|CAS=r
Signor	seignor	NOMcom	NOMB.=s|GENRE=m|CAS=r
Jesu	jhesu	NOMpro	NOMB.=s|GENRE=m|CAS=r
Crist	crist	NOMpro	NOMB.=s|GENRE=m|CAS=r
mout	mout	ADVgen	DEGRE=-
veraiement	verai	ADVgen	DEGRE=-
;	;	PONfbl	MORPH=empty
evesqes	evesque	NOMcom	NOMB.=p|GENRE=m|CAS=n
à	a3	PRE	MORPH=empty
Rome	rome	NOMpro	NOMB.=s|GENRE=f|CAS=r
de	de	PRE	MORPH=empty
ceus	cil	PROdem	NOMB.=p|GENRE=m|CAS=r
qi	qui	PROrel	NOMB.=p|GENRE=m|CAS=n
Nostre	nostre	DETpos	PERS.=1|NOMB.=s|GENRE=m|CAS=r
Signor	seignor	NOMcom	NOMB.=s|GENRE=m|CAS=r
et	et	CONcoo	MORPH=empty
saide	sain	NOMcom	NOMB.=s|GENRE=f|CAS=r
reclamoient	reclamer	VERcjg	MODE=ind|TEMPS=ipf|PERS.=3|NOMB.=p
,	,	PONfbl	MORPH=empty
et	et	CONcoo	MORPH=empty
molt	mout	ADVgen	DEGRE=-
les	il	PROper	PERS.=3|NOMB.=p|GENRE=m|CAS=r
ensegnoit	enseignier	VERcjg	MODE=ind|TEMPS=ipf|PERS.=3|NOMB.=s
docement	douz	ADVgen	DEGRE=-
de	de	PRE	MORPH=empty
veraie	verai	ADJqua	NOMB.=s|GENRE=f|CAS=r|DEGRE=p
doctrine	doctrine	NOMcom	NOMB.=s|GENRE=f|CAS=r
.	.	PONfrt	MORPH=empty
Qant	cant1	CONsub	MORPH=empty
Decius	deci	NOMpro	NOMB.=s|GENRE=m|CAS=n
Cesar	cesar	NOMpro	NOMB.=s|GENRE=m|CAS=r
et	et	CONcoo	MORPH=empty
li	le	DETdef	NOMB.=p|GENRE=m|CAS=n
prevoz	prevoste	NOMcom	NOMB.=p|GENRE=m|CAS=n
sorent	savoir	VERcjg	MODE=ind|TEMPS=psp|PERS.=3|NOMB.=p
et	et	CONcoo	MORPH=empty
virent	vëoir	VERcjg	MODE=ind|TEMPS=psp|PERS.=3|NOMB.=p
,	,	PONfbl	MORPH=empty
qe	que4	CONsub	MORPH=empty
la	le	DETdef	NOMB.=s|GENRE=f|CAS=n
crestientéz	crestïenté	NOMcom	NOMB.=s|GENRE=f|CAS=n
monteplioit	monter	VERcjg	MODE=ind|TEMPS=ipf|PERS.=3|NOMB.=s
par	par	PRE	MORPH=empty
le	le	DETdef	NOMB.=s|GENRE=m|CAS=r
seint	saint	ADJqua	NOMB.=s|GENRE=m|CAS=r|DEGRE=p
home	ome	NOMcom	NOMB.=s|GENRE=m|CAS=r
qi	qui	PROrel	NOMB.=s|GENRE=m|CAS=n
Syxtes	setius	NOMpro	NOMB.=s|GENRE=m|CAS=r
avoit	avoir	VERcjg	MODE=ind|TEMPS=ipf|PERS.=3|NOMB.=s
non	nom	NOMcom	NOMB.=s|GENRE=m|CAS=r
;	;	PONfbl	MORPH=empty
il	il	PROper	PERS.=3|NOMB.=p|GENRE=m|CAS=n
commanderent	comander	VERcjg	MODE=ind|TEMPS=psp|PERS.=3|NOMB.=p
qe	que4	CONsub	MORPH=empty
l’en	sen2	NOMcom	NOMB.=s|GENRE=f
l’amenast	semander	VERcjg	MODE=ind|TEMPS=ipf|PERS.=3|NOMB.=s
devant	devant	PRE	MORPH=empty
els	il	PROper	PERS.=3|NOMB.=p|GENRE=m|CAS=i
parnuit	parnoir	VERppe	MODE=ind|TEMPS=ipf|PERS.=3|NOMB.=s
,	,	PONfbl	MORPH=empty
et	et	CONcoo	MORPH=empty
lui	il	PROper	PERS.=3|NOMB.=s|GENRE=m|CAS=i
et	et	CONcoo	MORPH=empty
ses	son4	DETpos	PERS.=3|NOMB.=s|GENRE=m|CAS=n
clers	clerc	NOMcom	NOMB.=p|GENRE=m|CAS=n
dedenz	dedenz	PRE	MORPH=empty
la	le	DETdef	NOMB.=s|GENRE=f|CAS=r
cité	cité	NOMcom	NOMB.=s|GENRE=f|CAS=r
.	.	PONfrt	MORPH=empty
Lors	lors	ADVgen	DEGRE=-
dist	dire	VERcjg	MODE=ind|TEMPS=pst|PERS.=3|NOMB.=s
seinz	saint	ADJqua	NOMB.=s|GENRE=m|CAS=n|DEGRE=p
Syxtesà	sustier	NOMpro	MODE=ind|TEMPS=psp|PERS.=3|NOMB.=s
ses	son4	DETpos	PERS.=3|NOMB.=p|GENRE=m|CAS=n
clers	clerc	NOMcom	NOMB.=p|GENRE=m|CAS=r
qant	cant1	CONsub	MORPH=empty
il	il	PROper	PERS.=3|NOMB.=s|GENRE=m|CAS=n
oï	oir	VERcjg	MODE=ind|TEMPS=psp|PERS.=3|NOMB.=s
les	le	DETdef	NOMB.=p|GENRE=m|CAS=r
messages	message2	NOMcom	NOMB.=p|GENRE=m|CAS=r
por	por2	PRE	MORPH=empty
aus	il	PROper	PERS.=3|NOMB.=p|GENRE=m|CAS=i
reconforter	reconforter	VERinf	NOMB.=x|GENRE=x|CAS=x
:	:	PONfbl	MORPH=empty
"	"	PONfbl	MORPH=empty
Mi	mon1	DETpos	PERS.=1|NOMB.=s|GENRE=m|CAS=n
chier	chier	ADJqua	NOMB.=s|DEGRE=p
frere	frere	NOMcom	NOMB.=s|GENRE=m|CAS=n
et	et	CONcoo	MORPH=empty
mi	mon1	DETpos	PERS.=1|NOMB.=s|GENRE=m|CAS=n
chier	chier	ADJqua	NOMB.=s|GENRE=m|DEGRE=p
compaignon	compagnon	NOMcom	NOMB.=s|GENRE=m|CAS=n
,	,	PONfbl	MORPH=empty
n’aiéz	naistre	VERcjg	MODE=imp|PERS.=2|NOMB.=p
nule	nul	DETind	NOMB.=s|GENRE=f|CAS=r
poor	pëor	NOMcom	NOMB.=s|GENRE=f|CAS=r
,	,	PONfbl	MORPH=empty
vos	vos	PROper	PERS.=2|NOMB.=p|GENRE=m|CAS=n
savéz	savoir	VERcjg	MODE=ind|TEMPS=pst|PERS.=2|NOMB.=p
bien	bien1	ADVgen	DEGRE=p
com	come1	CONsub	MORPH=empty
granz	grant	ADJqua	NOMB.=p|GENRE=m|CAS=n|DEGRE=p
tormenz	torment	NOMcom	NOMB.=p|GENRE=m|CAS=n
tuit	tot	DETind	NOMB.=p|GENRE=m|CAS=n
li	le	DETdef	NOMB.=p|GENRE=m|CAS=n
seint	saint	NOMcom	NOMB.=p|GENRE=m|CAS=n|DEGRE=p
ont	avoir	VERcjg	MODE=ind|TEMPS=pst|PERS.=3|NOMB.=p
soffert	sofrir	VERppe	NOMB.=s|GENRE=m|CAS=r
,	,	PONfbl	MORPH=empty
pour	por2	PRE	MORPH=empty
parvenir	parvenir	VERinf	NOMB.=x|GENRE=x|CAS=x
seurement	sëurement	ADVgen	DEGRE=-
à	a3	PRE	MORPH=empty
la	le	DETdef	NOMB.=s|GENRE=f|CAS=r
vie	vie1	NOMcom	NOMB.=s|GENRE=f|CAS=r
pardurable	pardurable	ADJqua	NOMB.=s|GENRE=f|CAS=r
,	,	PONfbl	MORPH=empty
et	et	CONcoo	MORPH=empty
Nostre	nostre	DETpos	PERS.=1|NOMB.=s|GENRE=m|CAS=n
Sires	seignor	NOMcom	NOMB.=s|GENRE=m|CAS=n
Jesu	jesu	NOMpro	NOMB.=s|GENRE=m|CAS=n
Crist	crist	NOMpro	NOMB.=s|GENRE=m|CAS=n
meesmement	mïemement	ADVgen	DEGRE=-
souf	sof1	ADJqua	DEGRE=p
fir	fier	ADJqua	NOMB.=x|GENRE=x|CAS=x|DEGRE=p
mort	morir	NOMcom	NOMB.=s|GENRE=m|CAS=r
et	et	CONcoo	MORPH=empty
passion	passïon	NOMcom	NOMB.=s|GENRE=f|CAS=r
por	por2	PRE	MORPH=empty
nostre	nostre	DETpos	PERS.=1|NOMB.=s|GENRE=m|CAS=r
salu	salu	NOMcom	NOMB.=s|GENRE=m|CAS=r
,	,	PONfbl	MORPH=empty
et	et	CONcoo	MORPH=empty
si	si	ADVgen	DEGRE=-
nos	nos1	PROper	PERS.=1|NOMB.=p|GENRE=m|CAS=i
dona	doner	VERcjg	MODE=ind|TEMPS=psp|PERS.=3|NOMB.=s
example	essemple	NOMcom	NOMB.=s|GENRE=m|CAS=r
.	.	PONfrt	MORPH=empty
"	"	PONfbl	MORPH=empty
Et	et	CONcoo	MORPH=empty
qant	cant1	CONsub	MORPH=empty
li	le	DETdef	NOMB.=s|GENRE=m|CAS=n
seinz	saint	ADJqua	NOMB.=s|GENRE=m|CAS=n|DEGRE=p
hom	ome	NOMcom	NOMB.=s|GENRE=m|CAS=n
ot	avoir	VERcjg	MODE=ind|TEMPS=psp|PERS.=3|NOMB.=s
ce	ce1	PROdem	NOMB.=s|GENRE=n|CAS=r
dit	dire	VERcjg	NOMB.=s|GENRE=n|CAS=r
;	;	PONfbl	MORPH=empty
il	il	PROper	PERS.=3|NOMB.=s|GENRE=m|CAS=n
s’escria	secrer	VERcjg	MODE=ind|TEMPS=pst|PERS.=3|NOMB.=s
à	a3	PRE	MORPH=empty
haute	haut	ADJqua	NOMB.=s|GENRE=f|CAS=r|DEGRE=p
voiz	voiz	NOMcom	NOMB.=s|GENRE=f|CAS=r
,	,	PONfbl	MORPH=empty
et	et	CONcoo	MORPH=empty
si	si	ADVgen	DEGRE=-
dist	dire	VERcjg	MODE=ind|TEMPS=psp|PERS.=3|NOMB.=s
"	"	PONfbl	MORPH=empty
Venéz	venir	VERcjg	MODE=imp|PERS.=2|NOMB.=p
en	en1	PRE	MORPH=empty
,	,	PONfbl	MORPH=empty
et	et	CONcoo	MORPH=empty
si	si	ADVgen	DEGRE=-
ni	ne1	ADVneg	MORPH=empty
ait	avoir	VERcjg	MODE=sub|TEMPS=pst|PERS.=3|NOMB.=s
celui	cel	PROdem	NOMB.=s|GENRE=m|CAS=r
qi	qui	PROrel	NOMB.=s|GENRE=m|CAS=n
donne	doner	VERcjg	MODE=ind|TEMPS=pst|PERS.=3|NOMB.=s
nule	nul	DETind	NOMB.=s|GENRE=f|CAS=r
poor	pëor	NOMcom	NOMB.=s|GENRE=f|CAS=r
.	.	PONfrt	MORPH=empty
"	"	PONfbl	MORPH=empty
Donc	donc	ADVgen	DEGRE=-
li	il	PROper	PERS.=3|NOMB.=s|GENRE=m|CAS=i
respondirent	respondre1	VERcjg	MODE=ind|TEMPS=psp|PERS.=3|NOMB.=p
,	,	PONfbl	MORPH=empty
Felicismes	felice	NOMpro	NOMB.=p|GENRE=m|CAS=n
,	,	PONfbl	MORPH=empty
et	et	CONcoo	MORPH=empty
Agapi	agait	NOMpro	NOMB.=s|GENRE=m|CAS=n
,	,	PONfbl	MORPH=empty
ces	ce2	PROdem	NOMB.=p|GENRE=m|CAS=n
qi	qui	PROrel	NOMB.=p|GENRE=m|CAS=n
si	son4	DETpos	NOMB.=p|GENRE=m|CAS=n
deciple	desciple	NOMcom	NOMB.=p|GENRE=m|CAS=n
estoient	estre1	VERcjg	MODE=ind|TEMPS=ipf|PERS.=3|NOMB.=p
,	,	PONfbl	MORPH=empty
et	et	CONcoo	MORPH=empty
si	si	ADVgen	DEGRE=-
distrent	dire	VERcjg	MODE=ind|TEMPS=psp|PERS.=3|NOMB.=p
:	:	PONfbl	MORPH=empty
"	"	PONfbl	MORPH=empty
Où	où	PROint	NOMB.=s|GENRE=n|CAS=r
porrons	pöoir	VERcjg	MODE=ind|TEMPS=fut|PERS.=1|NOMB.=p
nos	nos1	PROper	PERS.=1|NOMB.=p|GENRE=m|CAS=r
aler	aler	VERinf	NOMB.=x|GENRE=x|CAS=x
sanz	sans	PRE	MORPH=empty
toi	tu	PROper	PERS.=2|NOMB.=s|GENRE=m|CAS=i
qi	qui	PROrel	NOMB.=s|GENRE=m|CAS=n
ies	estre1	VERcjg	MODE=ind|TEMPS=pst|PERS.=2|NOMB.=s
nostre	nostre	ADJpos	PERS.=1|NOMB.=s|GENRE=m|CAS=r
pere	pere	NOMcom	NOMB.=s|GENRE=m|CAS=r
?	?	PONfrt	MORPH=empty
"	"	PONfbl	MORPH=empty
À	a3	PRE	MORPH=empty
cele	cel	DETdem	NOMB.=s|GENRE=f|CAS=r
ore	ore3	NOMcom	NOMB.=s|GENRE=f|CAS=r
tot	tot	ADVgen	CAS=r|DEGRE=-
parnuit	parent	VERppe	MODE=ind|TEMPS=psp|PERS.=3|NOMB.=s
fu	estre1	VERcjg	MODE=ind|TEMPS=psp|PERS.=3|NOMB.=s
seinz	saint	ADJqua	NOMB.=s|GENRE=m|CAS=n|DEGRE=p
Syxtes	saint	NOMpro	NOMB.=s|GENRE=m|CAS=n
menéz	mener	VERppe	NOMB.=s|GENRE=m|CAS=n
devant	devant	PRE	MORPH=empty
l’empereor	sempere	OUT	NOMB.=s|GENRE=m|CAS=r
et	et	CONcoo	MORPH=empty
devant	devant	PRE	MORPH=empty
le	le	DETdef	NOMB.=s|GENRE=m|CAS=r
prevost	prevoste	NOMcom	NOMB.=s|GENRE=m|CAS=r
,	,	PONfbl	MORPH=empty
et	et	CONcoo	MORPH=empty
li	le	DETdef	NOMB.=s|GENRE=m|CAS=n
duz	duc2	ADJqua	NOMB.=s|GENRE=m|CAS=n
dyacre	dïable	NOMcom	NOMB.=s|GENRE=m|CAS=n
ensamble	ensemble	ADVgen	DEGRE=-
olui	iluec	ADVgen	NOMB.=s|GENRE=m|CAS=i
.	.	PONfrt	MORPH=empty
Lors	lors	ADVgen	DEGRE=-
parla	parler	VERcjg	MODE=ind|TEMPS=psp|PERS.=3|NOMB.=s
li	le	DETdef	NOMB.=s|GENRE=m|CAS=n
empereres	emperëor	NOMcom	NOMB.=s|GENRE=m|CAS=n
au	a3+le	PRE.DETdef	NOMB.=s|GENRE=m|CAS=r
seint	saint	ADJqua	NOMB.=s|GENRE=m|CAS=r|DEGRE=p
home	ome	NOMcom	NOMB.=s|GENRE=m|CAS=r
et	et	CONcoo	MORPH=empty
si	si	ADVgen	DEGRE=-
dist	dire	VERcjg	MODE=ind|TEMPS=psp|PERS.=3|NOMB.=s
:	:	PONfbl	MORPH=empty
"	"	PONfbl	MORPH=empty
Séz	savoir	VERcjg	MODE=imp|PERS.=2|NOMB.=s
tu	tu	PROper	PERS.=2|NOMB.=s|GENRE=m|CAS=n
por	por2	PRE	MORPH=empty
qel	quel1	DETint	NOMB.=s|GENRE=f|CAS=r
chose	chose	NOMcom	NOMB.=s|GENRE=f|CAS=r
tu	tu	PROper	PERS.=2|NOMB.=s|GENRE=m|CAS=n
ies	estre1	VERcjg	MODE=ind|TEMPS=pst|PERS.=2|NOMB.=s
pris	prendre	VERppe	NOMB.=s|GENRE=m|CAS=r
et	et	CONcoo	MORPH=empty
amenéz	amener	VERppe	PERS.=2|NOMB.=s|GENRE=m|CAS=n
devant	devant	PRE	MORPH=empty
moi	je	PROper	PERS.=1|NOMB.=s|GENRE=m|CAS=i
?	?	PONfrt	MORPH=empty
"	"	PONfbl	MORPH=empty
Sainz	saint	ADJqua	NOMB.=s|GENRE=m|CAS=n
Syxtes	saint	NOMpro	NOMB.=s|GENRE=m|CAS=n
respondi	respondre1	VERcjg	MODE=ind|TEMPS=psp|PERS.=3|NOMB.=s
gel	je+il	PROper.PROper	PERS.=3|NOMB.=s|GENRE=n|CAS=r
sai	savoir	VERcjg	MODE=ind|TEMPS=pst|PERS.=1|NOMB.=s
bien	bien1	ADVgen	DEGRE=-
.	.	PONfrt	MORPH=empty
Decius	deci	VERppe	NOMB.=s|GENRE=m|CAS=n
Cesar	cesar	NOMpro	NOMB.=s|GENRE=m|CAS=n
li	il	PROper	PERS.=3|NOMB.=s|GENRE=m|CAS=i
dist	dire	VERcjg	MODE=ind|TEMPS=psp|PERS.=3|NOMB.=s
:	:	PONfbl	MORPH=empty
"	"	PONfbl	MORPH=empty
Se	se	CONsub	MORPH=empty
tu	tu	PROper	PERS.=2|NOMB.=s|GENRE=m|CAS=n
le	il	PROper	PERS.=3|NOMB.=s|GENRE=m|CAS=r
séz	savoir	VERcjg	MODE=ind|TEMPS=pst|PERS.=2|NOMB.=s
bien	bien1	ADVgen	DEGRE=p
;	;	PONfbl	MORPH=empty
fai	faire	VERcjg	MODE=imp|PERS.=2|NOMB.=s
aussi	aussi	ADVgen	DEGRE=-
qe	que4	CONsub	MORPH=empty
tuit	tot	PROind	NOMB.=p|GENRE=m|CAS=n
le	il	PROper	PERS.=3|NOMB.=s|GENRE=m|CAS=r
facent	faire	VERcjg	MODE=sub|TEMPS=pst|PERS.=3|NOMB.=p
,	,	PONfbl	MORPH=empty
si	si	ADVgen	DEGRE=-
qe	que4	CONsub	MORPH=empty
tu	tu	PROper	PERS.=2|NOMB.=s|GENRE=m|CAS=n
puisses	pöoir	VERcjg	MODE=sub|TEMPS=pst|PERS.=2|NOMB.=s
vivre	vivre1	VERinf	NOMB.=x|GENRE=x|CAS=x
et	et	CONcoo	MORPH=empty
ti	ton4	DETpos	PERS.=2|NOMB.=s|GENRE=m|CAS=n
clerc	clerc	NOMcom	NOMB.=s|GENRE=m|CAS=r
acroistre	acroistre	VERinf	NOMB.=x|GENRE=x|CAS=x
?	?	PONfrt	MORPH=empty
"	"	PONfbl	MORPH=empty
Li	le	DETdef	NOMB.=s|GENRE=m|CAS=n
seins	saint	ADJqua	NOMB.=s|GENRE=m|CAS=n|DEGRE=p
hom	ome	NOMcom	NOMB.=s|GENRE=m|CAS=n
li	il	PROper	PERS.=3|NOMB.=s|GENRE=m|CAS=i
respondi	respondre1	VERcjg	MODE=ind|TEMPS=psp|PERS.=3|NOMB.=s
:	:	PONfbl	MORPH=empty
"	"	PONfbl	MORPH=empty
Je	je	PROper	PERS.=1|NOMB.=s|GENRE=m|CAS=n
ai	avoir	VERcjg	MODE=ind|TEMPS=pst|PERS.=1|NOMB.=s
fait	faire	VERppe	NOMB.=s|GENRE=m|CAS=r
et	et	CONcoo	MORPH=empty
faz	faire	VERcjg	NOMB.=s|GENRE=m|CAS=r
veraiement	verai	ADVgen	DEGRE=-
qe	que4	CONsub	MORPH=empty
mes	mon1	DETpos	PERS.=1|NOMB.=s|GENRE=f|CAS=n
clergies	clergié	NOMcom	NOMB.=s|GENRE=f|CAS=n
acroisse	acroistre	VERcjg	MODE=sub|TEMPS=ipf|PERS.=3|NOMB.=s
.	.	PONfrt	MORPH=empty
"	"	PONfbl	MORPH=empty
Decius	decevoir	NOMcom	NOMB.=s|GENRE=m|CAS=n
li	il	PROper	PERS.=3|NOMB.=s|GENRE=m|CAS=i
dist	dire	VERcjg	MODE=ind|TEMPS=psp|PERS.=3|NOMB.=s
:	:	PONfbl	MORPH=empty
"	"	PONfbl	MORPH=empty
Dont	dont	ADVgen	DEGRE=-
sacrefie	sacrefiier	VERcjg	MODE=ind|TEMPS=pst|PERS.=2|NOMB.=s
à	a3	PRE	MORPH=empty
nos	nostre	DETpos	PERS.=1|NOMB.=p|GENRE=m|CAS=r
dex	dieu	NOMcom	NOMB.=s|GENRE=m|CAS=n
qi	qui	PROrel	NOMB.=p|GENRE=m|CAS=n
ne	ne1	ADVneg	MORPH=empty
sont	estre1	VERcjg	MODE=ind|TEMPS=pst|PERS.=3|NOMB.=p
mie	mie	ADVneg	MORPH=empty
mortel	mortel	ADJqua	NOMB.=s|GENRE=m|CAS=r|DEGRE=p
,	,	PONfbl	MORPH=empty
et	et	CONcoo	MORPH=empty
si	si	ADVgen	DEGRE=-
soies	estre1	VERcjg	MODE=sub|TEMPS=pst|PERS.=2|NOMB.=s
princes	prince	NOMcom	NOMB.=p|GENRE=m|CAS=n
des	de+le	PRE.DETdef	NOMB.=p|GENRE=m|CAS=r
prestres	prestre	NOMcom	NOMB.=p|GENRE=m|CAS=r
.	.	PONfrt	MORPH=empty
"	"	PONfbl	MORPH=empty
Seinz	saint	ADJqua	NOMB.=s|GENRE=m|CAS=n|DEGRE=p
Syxtes	setus	NOMpro	NOMB.=s|GENRE=m|CAS=n
li	il	PROper	PERS.=3|NOMB.=s|GENRE=m|CAS=i
respondi	respondre1	VERcjg	MODE=ind|TEMPS=psp|PERS.=3|NOMB.=s
:	:	PONfbl	MORPH=empty
"	"	PONfbl	MORPH=empty
J’ai	je	VERcjg	MODE=ind|TEMPS=ipf|PERS.=1|NOMB.=s
toz	tot	DETind	GENRE=m
tens	tens	NOMcom	NOMB.=s|GENRE=m|CAS=r
sacrefie	sacrefiier	VERppe	NOMB.=s
et	et	CONcoo	MORPH=empty
encore	encore	ADVgen	DEGRE=-
sacrefie	sacrefiier	VERcjg	NOMB.=s
je	je	PROper	PERS.=1|NOMB.=s|GENRE=m|CAS=n
pure	pur	ADJqua	PERS.=1|NOMB.=s|GENRE=f
oiste	oiste	NOMcom	NOMB.=s|GENRE=f|CAS=r
et	et	CONcoo	MORPH=empty
pardurable	pardurable	ADJqua	NOMB.=s|GENRE=m|CAS=r
,	,	PONfbl	MORPH=empty
et	et	CONcoo	MORPH=empty
sanz	sans	PRE	MORPH=empty
tache	tache	NOMcom	NOMB.=s|GENRE=f|CAS=r
à	a3	PRE	MORPH=empty
Deu	dieu	NOMpro	NOMB.=s|GENRE=m|CAS=r
Le	le	DETdef	NOMB.=s|GENRE=m|CAS=r
Pere	pere	NOMcom	NOMB.=s|GENRE=m|CAS=r
Tout	tot	ADVgen	DEGRE=-
Puissant	poissant	ADJqua	NOMB.=s|GENRE=m|CAS=r|DEGRE=p
,	,	PONfbl	MORPH=empty
et	et	CONcoo	MORPH=empty
Nostre	nostre	DETpos	PERS.=1|NOMB.=s|GENRE=m|CAS=n
Signor	seignor	NOMcom	NOMB.=s|GENRE=m|CAS=r
Jesu	jesu	NOMpro	NOMB.=s|GENRE=m|CAS=n
Crist	crist	NOMpro	NOMB.=s|GENRE=m|CAS=r
Son	son4	DETpos	PERS.=3|NOMB.=s|GENRE=m|CAS=r
Fil	fil2	NOMcom	NOMB.=s|GENRE=m|CAS=r
et	et	CONcoo	MORPH=empty
au	a3+le	PRE.DETdef	NOMB.=s|GENRE=m|CAS=r
Seint	saint	ADJqua	NOMB.=s|GENRE=m|CAS=r|DEGRE=p
Esperit	esperit	NOMcom	NOMB.=s|GENRE=m|CAS=r
.	.	PONfrt	MORPH=empty
"	"	PONfbl	MORPH=empty
Decius	decise	NOMcom	NOMB.=s|GENRE=m|CAS=n
dist	dire	VERcjg	MODE=ind|TEMPS=psp|PERS.=3|NOMB.=s
:	:	PONfbl	MORPH=empty
"	"	PONfbl	MORPH=empty
Conseille	conseillier1	VERcjg	MODE=sub|NOMB.=s
toi	tu	PROper	PERS.=2|NOMB.=s|GENRE=m|CAS=i
et	et	CONcoo	MORPH=empty
ton	ton4	DETpos	PERS.=2|NOMB.=s|GENRE=m|CAS=r
clergie	clergie	NOMcom	NOMB.=s|GENRE=m|CAS=r
aussi	aussi	ADVgen	DEGRE=-
com	come1	CONsub	MORPH=empty
nos	nos1	PROper	PERS.=1|NOMB.=p|GENRE=m|CAS=n
vos	vos	PROper	PERS.=2|NOMB.=p|GENRE=m|CAS=n
consellons	conseillier1	VERcjg	MODE=ind|PERS.=1|NOMB.=p
.	.	PONfrt	MORPH=empty
"	"	PONfbl	MORPH=empty
Seinz	saint	ADJqua	NOMB.=s|GENRE=m|CAS=n|DEGRE=p
Syxtes	setus	NOMpro	NOMB.=s|GENRE=m|CAS=n
respondi	respondre1	VERcjg	MODE=ind|TEMPS=psp|PERS.=3|NOMB.=s
:	:	PONfbl	MORPH=empty
"	"	PONfbl	MORPH=empty
Tres	très	ADVgen	DEGRE=-
qa	que4	CONsub	MORPH=empty
ore	or4	NOMcom	DEGRE=-
avéconsellié	avenir	VERppe	NOMB.=s|GENRE=m|CAS=n
et	et	CONcoo	MORPH=empty
moi	je	PROper	PERS.=1|NOMB.=s|GENRE=m|CAS=i
et	et	CONcoo	MORPH=empty
mon	mon1	DETpos	PERS.=1|NOMB.=s|GENRE=m|CAS=r
clergie	clergie	NOMcom	NOMB.=s|GENRE=m|CAS=r
qe	que4	CONsub	NOMB.=s|GENRE=m|CAS=r
je	je	PROper	PERS.=1|NOMB.=s|GENRE=m|CAS=n
les	il	PROper	PERS.=3|NOMB.=p|GENRE=m|CAS=r
puisse	pöoir	VERcjg	MODE=sub|TEMPS=pst|PERS.=3|NOMB.=s
toz	tot	ADVgen	DEGRE=-
delivrer	delivrer	VERinf	NOMB.=x|GENRE=x|CAS=x
,	,	PONfbl	MORPH=empty
et	et	CONcoo	MORPH=empty
oster	oster2	VERinf	NOMB.=x|GENRE=x|CAS=x
de	de	PRE	MORPH=empty
la	le	DETdef	NOMB.=s|GENRE=f|CAS=r
mort	mort	NOMcom	NOMB.=s|GENRE=f|CAS=r
pardurable	pardurable	ADJqua	NOMB.=s|GENRE=f|CAS=r|DEGRE=p
.	.	PONfrt	MORPH=empty
"	"	PONfbl	MORPH=empty
Deciuz	decite	NOMcom	NOMB.=s|GENRE=m|CAS=n
li	il	PROper	PERS.=3|NOMB.=s|GENRE=m|CAS=i
dist	dire	VERcjg	MODE=ind|TEMPS=psp|PERS.=3|NOMB.=s
:	:	PONfbl	MORPH=empty
"	"	PONfbl	MORPH=empty
Sacrefie	sacrefiier	VERcjg	MODE=ind|PERS.=2|NOMB.=s
à	a3	PRE	MORPH=empty
noz	nostre	DETpos	PERS.=1|NOMB.=p|GENRE=m|CAS=r
dex	dieu	NOMcom	NOMB.=s|GENRE=m|CAS=r
,	,	PONfbl	MORPH=empty
et	et	CONcoo	MORPH=empty
se	se	CONsub	MORPH=empty
tu	tu	PROper	PERS.=2|NOMB.=s|GENRE=m|CAS=n
ce	ce1	PROdem	NOMB.=s|GENRE=n|CAS=r
ne	ne1	ADVneg	MORPH=empty
vius	voloir	VERcjg	MODE=ind|TEMPS=pst|PERS.=2|NOMB.=s
fere	faire	VERinf	NOMB.=x|GENRE=x|CAS=x
;	;	PONfbl	MORPH=empty
saces	savoir	VERcjg	MODE=sub|PERS.=2|NOMB.=s
qe	que4	CONsub	MORPH=empty
tuit	tot	DETind	NOMB.=p|GENRE=m|CAS=n
li	le	DETdef	NOMB.=p|GENRE=m|CAS=n
autre	autre	PROind	NOMB.=p|GENRE=m|CAS=n
porront	pöoir	VERcjg	MODE=ind|TEMPS=fut|PERS.=3|NOMB.=p
à	a3	PRE	MORPH=empty
toi	tu	PROper	PERS.=2|NOMB.=s|GENRE=m|CAS=i
prendre	prendre	VERinf	NOMB.=x|GENRE=x|CAS=x
example	essemple	NOMcom	NOMB.=s|GENRE=m|CAS=r
.	.	PONfrt	MORPH=empty
"	"	PONfbl	MORPH=empty
Seinz	saint	ADJqua	NOMB.=s|GENRE=m|CAS=n|DEGRE=p
Syxtes	setus	NOMpro	NOMB.=s|GENRE=m|CAS=n
respondi	respondre1	VERcjg	MODE=ind|TEMPS=psp|PERS.=3|NOMB.=s
:	:	PONfbl	MORPH=empty
"	"	PONfbl	MORPH=empty
Je	je	PROper	PERS.=1|NOMB.=s|GENRE=m|CAS=n
t’ai	taire	VERcjg	MODE=ind|TEMPS=pst|PERS.=1|NOMB.=s
ja	ja	ADVgen	DEGRE=-
une	un	DETndf	NOMB.=s|GENRE=f|CAS=r
foiz	foie2	NOMcom	NOMB.=s|GENRE=f|CAS=r
dit	dire	VERppe	PERS.=3|NOMB.=s|CAS=r
qe	que4	CONsub	MORPH=empty
je	je	PROper	PERS.=1|NOMB.=s|GENRE=m|CAS=n
faz	faire	VERcjg	MODE=ind|TEMPS=pst|PERS.=1|NOMB.=s
sacrefice	sacrefiier	VERcjg	NOMB.=s|GENRE=m|CAS=r
à	a3	PRE	MORPH=empty
Mon	mon1	DETpos	PERS.=1|NOMB.=s|GENRE=m|CAS=r
Deu	dieu	NOMcom	NOMB.=s|GENRE=m|CAS=r
et	et	CONcoo	MORPH=empty
à	a3	PRE	MORPH=empty
Nostre	nostre	DETpos	PERS.=1|NOMB.=s|GENRE=m|CAS=r
Signor	seignor	NOMcom	NOMB.=s|GENRE=m|CAS=r
Jesu	jhesu	NOMpro	NOMB.=s|GENRE=m|CAS=r
Crist	crist	NOMpro	NOMB.=s|GENRE=m|CAS=r
son	son4	DETpos	PERS.=3|NOMB.=s|GENRE=m|CAS=r
Fil	fil2	NOMcom	NOMB.=s|GENRE=m|CAS=r
.	.	PONfrt	MORPH=empty
"	"	PONfbl	MORPH=empty
Lors	lors	ADVgen	DEGRE=-
dist	dire	VERcjg	MODE=ind|TEMPS=psp|PERS.=3|NOMB.=s
Decyus	decili	VERppe	NOMB.=s|GENRE=m|CAS=n
Cesarà	cesar	NOMpro	MODE=ind|TEMPS=psp|PERS.=3|NOMB.=s
ses	son4	DETpos	PERS.=3|NOMB.=p|GENRE=m|CAS=r
chevaliers	chevalier	NOMcom	NOMB.=p|GENRE=m|CAS=r
:	:	PONfbl	MORPH=empty
"	"	PONfbl	MORPH=empty
Prenés	prendre	VERcjg	MODE=imp|PERS.=2|NOMB.=p
le	il	PROper	PERS.=3|NOMB.=s|GENRE=m|CAS=r
et	et	CONcoo	MORPH=empty
si	si	ADVgen	DEGRE=-
le	il	PROper	PERS.=3|NOMB.=s|GENRE=m|CAS=r
menéz	mener	VERcjg	MODE=imp|PERS.=2|NOMB.=s
au	a3+le	PRE.DETdef	NOMB.=s|GENRE=m|CAS=r
temple	temple1	NOMcom	NOMB.=s|GENRE=m|CAS=r
martyr	martir	VERinf	NOMB.=s|GENRE=m|CAS=r
,	,	PONfbl	MORPH=empty
et	et	CONcoo	MORPH=empty
si	si	ADVgen	DEGRE=-
face	faire	VERcjg	MODE=sub|TEMPS=pst|PERS.=3|NOMB.=s
sacrefice	sacrefiier	VERcjg	NOMB.=s|GENRE=m|CAS=r
au	a3+le	PRE.DETdef	NOMB.=s|GENRE=m|CAS=r
deu	dieu	NOMcom	NOMB.=s|GENRE=m|CAS=r
et	et	CONcoo	MORPH=empty
se	se	CONsub	MORPH=empty
il	il	PROper	PERS.=3|NOMB.=s|GENRE=m|CAS=n
ce	ce1	PROdem	NOMB.=s|GENRE=n|CAS=r
ne	ne1	ADVneg	MORPH=empty
velt	voloir	VERcjg	MODE=ind|TEMPS=pst|PERS.=3|NOMB.=s
faire	faire	VERinf	NOMB.=x|GENRE=x|CAS=x
metéz	metre2	VERcjg	NOMB.=p|GENRE=m|CAS=r
le	le	DETdef	NOMB.=s|GENRE=m|CAS=r
emprisson	emprison	NOMcom	NOMB.=s|GENRE=m|CAS=r
en	en1	PRE	MORPH=empty
la	le	DETdef	NOMB.=s|GENRE=f|CAS=r
chartre	chartre1	NOMcom	NOMB.=s|GENRE=f|CAS=r
de	de	PRE	MORPH=empty
Roarnertine	roarance	NOMpro	NOMB.=s|GENRE=f|CAS=r
.	.	PONfrt	MORPH=empty
"	"	PONfbl	MORPH=empty
Lors	lors	ADVgen	DEGRE=-
fu	estre1	VERcjg	MODE=ind|TEMPS=psp|PERS.=3|NOMB.=s
menéz	mener	VERppe	NOMB.=s|GENRE=m|CAS=n
li	le	DETdef	NOMB.=s|GENRE=m|CAS=n
seins	saint	ADJqua	NOMB.=s|GENRE=m|CAS=n|DEGRE=p
hom	ome	NOMcom	NOMB.=s|GENRE=m|CAS=n
au	a3+le	PRE.DETdef	NOMB.=s|GENRE=m|CAS=r
temple	temple1	NOMcom	NOMB.=s|GENRE=m|CAS=r
de	de	PRE	MORPH=empty
lor	lor2	DETpos	PERS.=3|NOMB.=s|GENRE=m|CAS=r
deu	dieu	NOMcom	NOMB.=s|GENRE=m|CAS=r
qi	qui	PROrel	NOMB.=s|GENRE=m|CAS=n
Mars	marz	NOMcom	NOMB.=s|GENRE=m|CAS=n
estoit	estre1	VERcjg	MODE=ind|TEMPS=ipf|PERS.=3|NOMB.=s
apeléz	apeler	VERppe	NOMB.=s|GENRE=m|CAS=n
,	,	PONfbl	MORPH=empty
et	et	CONcoo	MORPH=empty
là	là	ADVgen	DEGRE=-
le	il	PROper	PERS.=3|NOMB.=s|GENRE=m|CAS=r
commencierent	comencier	VERcjg	MODE=ind|TEMPS=psp|PERS.=3|NOMB.=p
li	le	DETdef	NOMB.=s|GENRE=m|CAS=n
chevalier	chevalier	NOMcom	NOMB.=s|GENRE=m|CAS=n
à	a3	PRE	MORPH=empty
constraindre	constreindre	VERinf	NOMB.=x|GENRE=x|CAS=x
q’il	cel	PROcar	PERS.=3|NOMB.=s|GENRE=m|CAS=n
li	il	PROper	PERS.=3|NOMB.=s|GENRE=m|CAS=i
feist	faire	VERcjg	MODE=sub|TEMPS=ipf|PERS.=3|NOMB.=s
sacrefice	sacrecier	NOMcom	NOMB.=s|GENRE=m|CAS=r
.	.	PONfrt	MORPH=empty
Li	le	DETdef	NOMB.=s|GENRE=m|CAS=n
seinz	saint	ADJqua	NOMB.=s|GENRE=m|CAS=n|DEGRE=p
hom	ome	NOMcom	NOMB.=s|GENRE=m|CAS=n
lor	il	PROper	PERS.=3|NOMB.=p|GENRE=m|CAS=i
dist	dire	VERcjg	MODE=ind|TEMPS=psp|PERS.=3|NOMB.=s
:	:	PONfbl	MORPH=empty
"	"	PONfbl	MORPH=empty
He	ha!	INJ	MORPH=empty
maleureus	malëuros	NOMcom	NOMB.=p|GENRE=m|CAS=n|DEGRE=p
qi	qui	PROrel	NOMB.=p|GENRE=m|CAS=n
aoréz	aorer2	VERppe	NOMB.=s|GENRE=m|CAS=n
et	et	CONcoo	MORPH=empty
reqeréz	requerre	VERppe	MODE=ind|TEMPS=pst|PERS.=2|NOMB.=p
aide	äie	NOMcom	MODE=ind|NOMB.=s
à	a3	PRE	MORPH=empty
ces	ce2	DETdem	NOMB.=p|GENRE=f|CAS=r
ydoles	idle	NOMcom	NOMB.=p|GENRE=f|CAS=r
,	,	PONfbl	MORPH=empty
qi	qui	PROrel	NOMB.=p|GENRE=m|CAS=n
sont	estre1	VERcjg	MODE=ind|TEMPS=pst|PERS.=3|NOMB.=p
veines	vain	ADJqua	NOMB.=p|GENRE=f|CAS=n
et	et	CONcoo	MORPH=empty
faites	faire	VERppe	PERS.=2|NOMB.=p
par	par	PRE	MORPH=empty
main	main2	NOMcom	NOMB.=s|GENRE=f|CAS=r
d’ome	demostre	NOMcom	MODE=ind|TEMPS=pst|PERS.=3|NOMB.=s
,	,	PONfbl	MORPH=empty
et	et	CONcoo	MORPH=empty
qi	qui	PROrel	NOMB.=p|GENRE=m|CAS=n
sont	estre1	VERcjg	MODE=ind|TEMPS=pst|PERS.=3|NOMB.=p
mues	müet	ADJqua	NOMB.=p|GENRE=m|CAS=n
et	et	CONcoo	MORPH=empty
sordes	sordre1	ADJqua	NOMB.=p|GENRE=m|CAS=n
ne	ne2	CONcoo	MORPH=empty
ne	ne1	ADVneg	MORPH=empty
pueent	pöoir	VERcjg	MODE=ind|TEMPS=pst|PERS.=3|NOMB.=p
à	a3	PRE	MORPH=empty
eles	il	PROper	PERS.=3|NOMB.=p|GENRE=f|CAS=i
aidier	aidier	VERinf	NOMB.=x|GENRE=x|CAS=x
ne	ne2	CONcoo	MORPH=empty
à	a3	PRE	MORPH=empty
autrui	autre	PROind	NOMB.=s|GENRE=m|CAS=r
.	.	PONfrt	MORPH=empty
Mi	mi2	PROper	PERS.=1|NOMB.=s|GENRE=m|CAS=n
biau	bel1	ADJqua	NOMB.=s|GENRE=m|CAS=n|DEGRE=p
fil	fil2	NOMcom	NOMB.=s|GENRE=m|CAS=n
oéz	öir	VERcjg	MODE=imp|PERS.=2|NOMB.=p
moi	je	PROper	PERS.=1|NOMB.=s|GENRE=m|CAS=i
et	et	CONcoo	MORPH=empty
entendéz	entendre	VERppe	MODE=imp|PERS.=2|NOMB.=p
.	.	PONfrt	MORPH=empty
et	et	CONcoo	MORPH=empty
li	il	PROper	PERS.=3|NOMB.=s|GENRE=m|CAS=i
delivréz	delivrer	VERppe	MODE=ind|PERS.=2|NOMB.=p|CAS=n
vos	vostre	PROper	PERS.=2|NOMB.=p|GENRE=m|CAS=n
ames	ame	NOMcom	NOMB.=p|GENRE=f|CAS=r
des	de+le	PRE.DETdef	NOMB.=p|GENRE=f|CAS=r
pardurables	pardurable	ADJqua	NOMB.=p|GENRE=f|CAS=r
tormenz	torment	NOMcom	NOMB.=p|GENRE=m|CAS=r
,	,	PONfbl	MORPH=empty
et	et	CONcoo	MORPH=empty
si	si	ADVgen	DEGRE=-
ne	ne1	ADVneg	MORPH=empty
creniéz	crëanter	VERcjg	MODE=imp|PERS.=2|NOMB.=s
mie	mie	ADVneg	MORPH=empty
les	le	DETdef	NOMB.=p|GENRE=m|CAS=r
tormenz	torment	NOMcom	NOMB.=p|GENRE=m|CAS=r
de	de	PRE	MORPH=empty
cest	cest	DETdem	NOMB.=s|GENRE=m|CAS=r
siecle	siecle	NOMcom	NOMB.=s|GENRE=m|CAS=r
;	;	PONfbl	MORPH=empty
Més	mais1	CONcoo	MORPH=empty
ceus	cil	PROdem	NOMB.=p|GENRE=m|CAS=r
qi	qui	PROrel	NOMB.=p|GENRE=m|CAS=n
sont	estre1	VERcjg	MODE=ind|TEMPS=pst|PERS.=3|NOMB.=p
pardurable	pardurable	ADJqua	NOMB.=p|GENRE=x|CAS=n|DEGRE=p
,	,	PONfbl	MORPH=empty
et	et	CONcoo	MORPH=empty
si	si	ADVgen	DEGRE=-
recevéz	recevoir	VERcjg	MODE=imp|PERS.=2|NOMB.=p
et	et	CONcoo	MORPH=empty
faites	faire	VERcjg	PERS.=2|NOMB.=p
penitance	penitence	NOMcom	NOMB.=s|GENRE=f|CAS=r
car	car	CONcoo	MORPH=empty
voz	vos	PROper	PERS.=2|NOMB.=p|GENRE=m|CAS=n
sacrefiéz	sacrefiier	VERcjg	MODE=ind|PERS.=2|NOMB.=p
as	a3+le	PRE.DETdef	NOMB.=p|GENRE=f|CAS=r
ydoles	idle	NOMcom	NOMB.=p|GENRE=f|CAS=r
aussi	aussi	ADVgen	DEGRE=c
concil	concile	NOMcom	NOMB.=p|GENRE=m|CAS=r
qi	qui	PROrel	NOMB.=p|GENRE=m|CAS=n
mielz	mieus	ADVgen	DEGRE=c
ne	ne1	ADVneg	MORPH=empty
sevent	savoir	VERcjg	MODE=ind|TEMPS=pst|PERS.=3|NOMB.=p
.	.	PONfrt	MORPH=empty
"	"	PONfbl	MORPH=empty
Qant	cant1	CONsub	MORPH=empty
cil	cel	PROdem	NOMB.=p|GENRE=m|CAS=n
qi	qui	PROrel	NOMB.=p|GENRE=m|CAS=n
là	là	ADVgen	DEGRE=-
l’avoient	savoir	VERcjg	MODE=ind|TEMPS=ipf|PERS.=3|NOMB.=p
mené	mener	VERppe	NOMB.=p|GENRE=m|CAS=r
oïrent	oir	VERcjg	MODE=ind|TEMPS=psp|PERS.=3|NOMB.=p
q’il	cel	CONsub.PROper	PERS.=3|NOMB.=p|GENRE=m|CAS=i
despisoit	despire	VERcjg	MODE=ind|TEMPS=ipf|PERS.=3|NOMB.=s
le	le	DETdef	NOMB.=s|GENRE=m|CAS=r
commandement	comandement	NOMcom	NOMB.=s|GENRE=m|CAS=r
l’empereor	semeraire	OUT	NOMB.=p|GENRE=m|CAS=r
;	;	PONfbl	MORPH=empty
il	il	PROper	PERS.=3|NOMB.=p|GENRE=m|CAS=n
l’enmenerent	segm	VERcjg	MODE=ind|TEMPS=psp|PERS.=3|NOMB.=p
vers	vers2	PRE	MORPH=empty
la	le	DETdef	NOMB.=s|GENRE=f|CAS=r
prisson	prison	NOMcom	NOMB.=s|GENRE=f|CAS=r
où	où	PROrel	NOMB.=s|GENRE=f|CAS=r
l’en	segm	OUT	NOMB.=s|GENRE=f|CAS=r
lor	il	PROper	PERS.=3|NOMB.=p|GENRE=m|CAS=i
avoit	avoir	VERcjg	MODE=ind|TEMPS=ipf|PERS.=3|NOMB.=s
comandé	comander	VERppe	NOMB.=s|GENRE=m|CAS=r
et	et	CONcoo	MORPH=empty
aveqes	avenir	PRE	MORPH=empty
lui	il	PROper	PERS.=3|NOMB.=s|GENRE=m|CAS=i
les	il	DETdef	NOMB.=p|GENRE=f|CAS=r
.	.	PONfrt	MORPH=empty
II	deus	DETcar	NOMB.=p|GENRE=m|CAS=r
.	.	PONfrt	MORPH=empty
dyacres	dïasbre	NOMcom	NOMB.=s|GENRE=m|CAS=n
Felicisme	feloise	NOMcom	NOMB.=s|GENRE=m|CAS=r
et	et	CONcoo	MORPH=empty
Agapite	agaitier	NOMpro	NOMB.=s|GENRE=f|CAS=r
.	.	PONfrt	MORPH=empty
Quant	cant1	CONsub	MORPH=empty
seinz	saint	ADJqua	NOMB.=s|GENRE=m|CAS=n|DEGRE=p
Lorenz	lorent	NOMpro	NOMB.=p
,	,	PONfbl	MORPH=empty
qi	qui	PROrel	NOMB.=s|GENRE=m|CAS=n
dont	dont	ADVgen	DEGRE=-
estoit	estre1	VERcjg	MODE=ind|TEMPS=ipf|PERS.=3|NOMB.=s
arcedyacres	arcediacne	NOMcom	NOMB.=s|GENRE=m|CAS=n
,	,	PONfbl	MORPH=empty
oï	oir	VERcjg	MODE=ind|TEMPS=psp|PERS.=3|NOMB.=s
et	et	CONcoo	MORPH=empty
connut	conoistre	VERcjg	MODE=ind|TEMPS=psp|PERS.=3|NOMB.=s
con	come1	CONsub	MORPH=empty
en	en2	PROadv	MORPH=empty
menoit	mener	VERcjg	MODE=ind|TEMPS=ipf|PERS.=3|NOMB.=s
seint	saint	ADJqua	NOMB.=s|GENRE=m|CAS=r|DEGRE=p
Syxte	suite	NOMpro	NOMB.=s|GENRE=m|CAS=r
l’evesqe	severus	OUT	NOMB.=s|GENRE=m|CAS=r
;	;	PONfbl	MORPH=empty
ille	ile	NOMcom	NOMB.=s|GENRE=f|CAS=n
commenca	comencier	VERcjg	MODE=ind|TEMPS=psp|PERS.=3|NOMB.=s
à	a3	PRE	MORPH=empty
parler	parler	VERinf	NOMB.=x|GENRE=x|CAS=x
en	en1	PRE	MORPH=empty
ceste	cest	DETdem	NOMB.=s|GENRE=f|CAS=r
maniere	maniere	NOMcom	NOMB.=s|GENRE=f|CAS=r
et	et	CONcoo	MORPH=empty
si	si	ADVgen	DEGRE=-
dist	dire	VERcjg	MODE=ind|TEMPS=psp|PERS.=3|NOMB.=s
:	:	PONfbl	MORPH=empty
"	"	PONfbl	MORPH=empty
Biaus	bel1	ADJqua	NOMB.=s|GENRE=m|CAS=n|DEGRE=p
peres	pere	NOMcom	NOMB.=s|GENRE=m|CAS=n
oùvas	avoir	VERcjg	NOMB.=s|GENRE=m
tu	tu	PROper	PERS.=2|NOMB.=s|GENRE=m|CAS=n
sans	sans	PRE	MORPH=empty
ton	ton4	DETpos	PERS.=2|NOMB.=s|GENRE=m|CAS=r
fil	fil2	NOMcom	NOMB.=s|GENRE=m|CAS=r
?	?	PONfrt	MORPH=empty
Et	et	CONcoo	MORPH=empty
oùvas	avoir	VERcjg	NOMB.=s
tu	tu	PROper	PERS.=2|NOMB.=s|GENRE=m|CAS=n
qi	qui	PROrel	NOMB.=s|GENRE=m|CAS=n
ies	estre1	ADVneg	MODE=ind|TEMPS=pst|PERS.=2|NOMB.=s
seinz	saint	ADJqua	NOMB.=s|GENRE=m|CAS=n|DEGRE=p
prestres	prestre	NOMcom	NOMB.=s|GENRE=m|CAS=n
,	,	PONfbl	MORPH=empty
sanz	sans	PRE	MORPH=empty
ton	ton4	DETpos	PERS.=2|NOMB.=s|GENRE=m|CAS=r
dyacre	dïable	NOMcom	NOMB.=s|GENRE=m|CAS=x
?	?	PONfrt	MORPH=empty
Tu	tu	PROper	PERS.=2|NOMB.=s|GENRE=m|CAS=n
ne	ne1	ADVneg	MORPH=empty
sacrefias	sacrefiier	VERcjg	MODE=ind|TEMPS=pst|PERS.=2|NOMB.=s
onqes	onque	ADVneg	MORPH=empty
sanz	sans	PRE	MORPH=empty
menistre	maniere	NOMcom	NOMB.=x|GENRE=x|CAS=r
ne	ne2	CONcoo	MORPH=empty
si	si	ADVgen	DEGRE=-
ne	ne1	ADVneg	MORPH=empty
l’as	laissier	VERcjg	MODE=ind|TEMPS=pst|PERS.=1|NOMB.=s
mie	mie	ADVneg	MORPH=empty
acostume	acostume	NOMcom	NOMB.=s|GENRE=f|CAS=r
.	.	PONfrt	MORPH=empty
Et	et	CONcoo	MORPH=empty
qel	quel1	DETint	NOMB.=s|GENRE=f|CAS=r
chose	chose	NOMcom	NOMB.=s|GENRE=f|CAS=r
desplest	desplaire	VERcjg	MODE=ind|TEMPS=pst|PERS.=3|NOMB.=s
ore	or4	ADVgen	DEGRE=-
à	a3	PRE	MORPH=empty
ta	ton4	DETpos	PERS.=2|NOMB.=s|GENRE=f|CAS=r
seinte	saint	ADJqua	NOMB.=s|GENRE=f|CAS=r|DEGRE=p
Paternité	patenté	NOMcom	NOMB.=s|GENRE=f|CAS=r
de	de	PRE	MORPH=empty
mor	mors1	NOMcom	NOMB.=s|GENRE=f|CAS=r
?	?	PONfrt	MORPH=empty
As	avoir	VERcjg	PERS.=2|NOMB.=p
me	je	PROper	PERS.=1|NOMB.=s|GENRE=m|CAS=r
tu	tu	PROper	PERS.=2|NOMB.=s|GENRE=m|CAS=n
donc	donc	ADVgen	DEGRE=-
prove	prover	VERcjg	MODE=ind|TEMPS=pst|NOMB.=s
de	de	PRE	MORPH=empty
nule	nul	DETind	NOMB.=s|GENRE=f|CAS=r
rien	rien	NOMcom	NOMB.=s|GENRE=f|CAS=r
q’il	qui+il	DETint	PERS.=3|NOMB.=s|GENRE=f|CAS=n
venene	venement	NOMcom	NOMB.=s|GENRE=f|CAS=n
soit	estre1	VERcjg	MODE=sub|TEMPS=pst|PERS.=3|NOMB.=s
et	et	CONcoo	MORPH=empty
vraie	verai	ADJqua	NOMB.=s|GENRE=f|CAS=n|DEGRE=p
.	.	PONfrt	MORPH=empty
"	"	PONfbl	MORPH=empty
Donc	donc	ADVgen	DEGRE=-
respondi	respondre1	VERcjg	MODE=ind|TEMPS=psp|PERS.=3|NOMB.=s
sains	saint	ADJqua	NOMB.=s|GENRE=m|CAS=n|DEGRE=p
Syxtes	segm	NOMpro	NOMB.=s|GENRE=m|CAS=n
à	a3	PRE	MORPH=empty
seint	saint	ADJqua	NOMB.=s|GENRE=m|CAS=r|DEGRE=p
Lorenz	lorent	NOMpro	NOMB.=p|GENRE=m|CAS=r
,	,	PONfbl	MORPH=empty
et	et	CONcoo	MORPH=empty
si	si	ADVgen	DEGRE=-
li	il	PROper	PERS.=3|NOMB.=s|GENRE=m|CAS=i
dist	dire	VERcjg	MODE=ind|TEMPS=psp|PERS.=3|NOMB.=s
:	:	PONfbl	MORPH=empty
"	"	PONfbl	MORPH=empty
Biaus	bel1	ADJqua	NOMB.=s|GENRE=m|CAS=n|DEGRE=p
fuiz	fil2	NOMcom	NOMB.=s|GENRE=m|CAS=n
,	,	PONfbl	MORPH=empty
je	je	PROper	PERS.=1|NOMB.=s|GENRE=m|CAS=n
ne	ne1	ADVneg	MORPH=empty
te	tu	PROper	PERS.=2|NOMB.=s|GENRE=m|CAS=r
relenqis	relenquir	VERcjg	MODE=ind|TEMPS=pst|PERS.=2|NOMB.=s
mie	mie	ADVneg	MORPH=empty
ne	ne2	CONcoo	MORPH=empty
ne	ne1	ADVneg	MORPH=empty
deguerpiz	deguerpir	VERppe	MODE=ind|TEMPS=psp|PERS.=2|NOMB.=s
,	,	PONfbl	MORPH=empty
més	mais1	CONcoo	MORPH=empty
plus	plus	ADVgen	DEGRE=c
grant	grant	ADJqua	NOMB.=s|GENRE=m|CAS=r|DEGRE=p
estrif	estrif	NOMcom	NOMB.=s|GENRE=m|CAS=r
et	et	CONcoo	MORPH=empty
plus	plus	ADVgen	DEGRE=-
grief	grief	ADJqua	NOMB.=p|GENRE=m|CAS=n|DEGRE=p
torment	torment	NOMcom	NOMB.=p|GENRE=m|CAS=r
te	tu	PROper	PERS.=2|NOMB.=s|GENRE=m|CAS=i
sont	estre1	VERcjg	MODE=ind|TEMPS=pst|PERS.=3|NOMB.=p
doné	doner	VERppe	NOMB.=p|GENRE=m|CAS=n
et	et	CONcoo	MORPH=empty
t’atendent	tendre1	VERcjg	MODE=ind|TEMPS=pst|PERS.=3|NOMB.=p
.	.	PONfrt	MORPH=empty
Nos	nos1	PROper	PERS.=1|NOMB.=p|GENRE=m|CAS=n
recevons	recevoir	VERcjg	MODE=ind|TEMPS=pst|PERS.=1|NOMB.=p
le	le	DETdef	NOMB.=s|GENRE=m|CAS=r
cours	cors1	NOMcom	NOMB.=s|GENRE=m|CAS=r
de	de	PRE	MORPH=empty
legiere	legier2	ADJqua	NOMB.=s|GENRE=f|CAS=r|DEGRE=p
peine	peine	NOMcom	NOMB.=s|GENRE=f|CAS=r
aussi	aussi	ADVgen	DEGRE=-
com	come1	CONsub	MORPH=empty
viel	vieil	ADJqua	NOMB.=s|GENRE=m|CAS=r|DEGRE=p
home	ome	NOMcom	NOMB.=s|GENRE=m|CAS=r
,	,	PONfbl	MORPH=empty
et	et	CONcoo	MORPH=empty
toi	tu	PROper	PERS.=2|NOMB.=s|GENRE=m|CAS=i
atent	atendre	VERcjg	MODE=ind|TEMPS=pst|PERS.=3|NOMB.=s
plus	plus	ADVgen	DEGRE=-
glorieuse	glorïos	ADJqua	NOMB.=s|GENRE=f|CAS=r|DEGRE=p
victoire	victoire	NOMcom	NOMB.=s|GENRE=f|CAS=r
einsi	ainsi	ADVgen	DEGRE=-
comme	come1	CONsub	MORPH=empty
jovencel	jovencel	NOMcom	NOMB.=s|GENRE=m|CAS=n
.	.	PONfrt	MORPH=empty
Lesse	laissier	VERcjg	MODE=imp|NOMB.=s
le	il	PROper	NOMB.=s|GENRE=m|CAS=r
plorer	plorer	VERinf	NOMB.=s|GENRE=x|CAS=x
car	car	CONcoo	MORPH=empty
tu	tu	PROper	PERS.=2|NOMB.=s|GENRE=m|CAS=n
vendras	venir	VERcjg	MODE=ind|TEMPS=fut|PERS.=2|NOMB.=s
aprés	après	PRE	MORPH=empty
moi	je	PROper	PERS.=1|NOMB.=s|GENRE=m|CAS=i
,	,	PONfbl	MORPH=empty
et	et	CONcoo	MORPH=empty
si	si	ADVgen	DEGRE=-
m’enfuiras	mener	VERcjg	MODE=ind|TEMPS=fut|PERS.=1|NOMB.=s
qi	qui	PROrel	NOMB.=s|GENRE=m|CAS=n
ies	estre1	VERcjg	MODE=ind|TEMPS=pst|NOMB.=s
dyacres	dïasbre	NOMcom	NOMB.=p|GENRE=m|CAS=r
au	a3+le	PRE.DETdef	NOMB.=s|GENRE=m|CAS=r
chief	chief1	NOMcom	NOMB.=s|GENRE=m|CAS=r
de	de	PRE	MORPH=empty
.	.	PONfrt	MORPH=empty
III	trois	DETcar	NOMB.=p|GENRE=m|CAS=r
.	.	PONfrt	MORPH=empty
jors	jor	NOMcom	NOMB.=p|GENRE=m|CAS=r
.	.	PONfrt	MORPH=empty
Il	il	PROper	PERS.=3|NOMB.=s|GENRE=m|CAS=n
n’afiert	naistre	VERcjg	MODE=ind|TEMPS=pst|NOMB.=s
mie	mie	ADVneg	MORPH=empty
à	a3	PRE	MORPH=empty
toi	tu	PROper	PERS.=2|NOMB.=s|GENRE=m|CAS=i
qe	que4	CONsub	MORPH=empty
tu	tu	PROper	PERS.=2|NOMB.=s|GENRE=m|CAS=n
recoives	recevoir	VERcjg	MODE=ind|TEMPS=pst|PERS.=2|NOMB.=p
passion	passïon	NOMcom	NOMB.=s|GENRE=f|CAS=r
desouz	desoz	PRE	MORPH=empty
mestre	maistre	NOMcom	NOMB.=s|GENRE=m|CAS=r
aussi	aussi	ADVgen	DEGRE=-
comme	come1	CONsub	MORPH=empty
se	se	CONsub	MORPH=empty
tu	tu	PROper	PERS.=2|NOMB.=s|GENRE=m|CAS=n
queroies	querre	VERcjg	MODE=ind|PERS.=2|NOMB.=p
aide	äie	NOMcom	NOMB.=s
.	.	PONfrt	MORPH=empty
Et	et	CONcoo	MORPH=empty
por	por2	PRE	MORPH=empty
qoi	que3	PROint	NOMB.=s|GENRE=m|CAS=i
demandes	demander	VERcjg	MODE=ind|TEMPS=pst|PERS.=2|NOMB.=p
tu	tu	PROper	PERS.=2|NOMB.=s|GENRE=m|CAS=n
ne	ne1	ADVneg	MORPH=empty
reqiers	requerre	VERcjg	MODE=ind|TEMPS=pst|PERS.=2|NOMB.=p
compaignie	compagnie	NOMcom	NOMB.=s|GENRE=f|CAS=r
de	de	PRE	MORPH=empty
ta	ton4	DETpos	PERS.=2|NOMB.=s|GENRE=f|CAS=r
passion	passïon	NOMcom	NOMB.=s|GENRE=f|CAS=r
?	?	PONfrt	MORPH=empty
Je	je	PROper	PERS.=1|NOMB.=s|GENRE=m|CAS=n
te	tu	PROper	PERS.=2|NOMB.=s|GENRE=m|CAS=r
deguerpiz	deguerpir	VERcjg	MODE=ind|TEMPS=psp|PERS.=2|NOMB.=s
tot	tot	DETind	NOMB.=s|GENRE=m|CAS=r
mon	mon1	DETpos	PERS.=1|NOMB.=s|GENRE=m|CAS=r
iretage	iretage	NOMcom	NOMB.=s|GENRE=m|CAS=r
,	,	PONfbl	MORPH=empty
et	et	CONcoo	MORPH=empty
por	por2	PRE	MORPH=empty
qoi	que3	PROint	NOMB.=s|GENRE=m|CAS=i
me	je	PROper	PERS.=1|NOMB.=s|GENRE=m|CAS=r
vielz	vivre1	VERcjg	MODE=sub|PERS.=2|NOMB.=s|GENRE=m|DEGRE=p
tu	tu	PROper	PERS.=2|NOMB.=s|GENRE=m|CAS=n
veoir	vëoir	VERinf	NOMB.=x|GENRE=x|CAS=x
?	?	PONfrt	MORPH=empty
Elyes	elye	NOMpro	NOMB.=s|GENRE=m|CAS=n
deguerpi	deguerpir	VERcjg	MODE=ind|TEMPS=psp|PERS.=3|NOMB.=s
Helyseum	elyegien	NOMpro	NOMB.=s|GENRE=f|CAS=r
et	et	CONcoo	MORPH=empty
si	si	ADVgen	DEGRE=-
ne	ne1	ADVneg	MORPH=empty
li	il	PROper	PERS.=3|NOMB.=s|GENRE=m|CAS=i
toli	tolir	VERcjg	MODE=ind|TEMPS=psp|PERS.=3|NOMB.=s
mie	mie	ADVneg	MORPH=empty
sa	son4	DETpos	PERS.=3|NOMB.=s|GENRE=f|CAS=r
vertu	vertu	NOMcom	NOMB.=s|GENRE=f|CAS=r
.	.	PONfrt	MORPH=empty
"	"	PONfbl	MORPH=empty
Qant	cant1	CONsub	MORPH=empty
il	il	PROper	PERS.=3|NOMB.=s|GENRE=m|CAS=n
ot	avoir	VERcjg	MODE=ind|TEMPS=psp|PERS.=3|NOMB.=s
ce	ce1	PROdem	NOMB.=s|GENRE=n|CAS=r
dit	dit	NOMcom	NOMB.=s|GENRE=m|CAS=r
,	,	PONfbl	MORPH=empty
si	si	ADVgen	DEGRE=-
li	il	PROper	PERS.=3|NOMB.=s|GENRE=m|CAS=i
commanda	comander	VERcjg	MODE=ind|TEMPS=psp|PERS.=3|NOMB.=s
q’il	cel	CONsub.PROper	PERS.=3|NOMB.=s|GENRE=m|CAS=n
preist	prendre	VERcjg	MODE=ind|TEMPS=psp|PERS.=3|NOMB.=s
toz	tot	DETind	NOMB.=p|GENRE=m|CAS=r
les	le	DETdef	NOMB.=p|GENRE=m|CAS=r
tresors	tresor	NOMcom	NOMB.=p|GENRE=m|CAS=r
de	de	PRE	MORPH=empty
l’yglise	eglise	NOMcom	NOMB.=s|GENRE=f|CAS=r
,	,	PONfbl	MORPH=empty
si	si	ADVgen	DEGRE=-
les	il	PROper	PERS.=3|NOMB.=p|GENRE=m|CAS=r
departist	departir	VERcjg	MODE=ind|TEMPS=psp|PERS.=3|NOMB.=s
et	et	CONcoo	MORPH=empty
donast	doner	VERcjg	MODE=sub|TEMPS=ipf|PERS.=3|NOMB.=s
là	là	ADVgen	DEGRE=-
où	où	PROrel	NOMB.=s|GENRE=f|CAS=r
il	il	PROper	PERS.=3|NOMB.=s|GENRE=m|CAS=n
seust	savoir	VERcjg	MODE=sub|TEMPS=ipf|PERS.=3|NOMB.=s
q’il	cel	CONsub.PROper	PERS.=3|NOMB.=p|GENRE=m|CAS=i
fussent	estre1	VERcjg	MODE=sub|TEMPS=ipf|PERS.=3|NOMB.=p
mielz	mieus	ADVgen	DEGRE=c
emploiés	emploiier	VERppe	NOMB.=p|GENRE=m|CAS=n
.	.	PONfrt	MORPH=empty
Lors	lors	ADVgen	DEGRE=-
dona	doner	VERcjg	MODE=ind|TEMPS=psp|PERS.=3|NOMB.=s
seint	saint	ADJqua	NOMB.=s|GENRE=m|CAS=r|DEGRE=p
Syxteà	sulite	NOMpro	NOMB.=s|GENRE=m|CAS=r
seint	saint	ADJqua	NOMB.=s|GENRE=m|CAS=r|DEGRE=p
Lorens	loorenc	NOMpro	MORPH=empty
le	le	DETdef	NOMB.=s|GENRE=m|CAS=r
dyacre	dïable	NOMcom	NOMB.=s|GENRE=m|CAS=x
toutes	tot	DETind	NOMB.=p|GENRE=f|CAS=r
les	le	DETdef	NOMB.=p|GENRE=m|CAS=r
facultéz	fauctel	NOMcom	NOMB.=p|GENRE=f|CAS=r
et	et	CONcoo	MORPH=empty
les	le	DETdef	NOMB.=p|GENRE=m|CAS=r
avoirs	avoir	NOMcom	NOMB.=p|GENRE=m|CAS=r
de	de	PRE	MORPH=empty
l’yglisse	eglise	NOMcom	NOMB.=s|GENRE=f|CAS=r
.	.	PONfrt	MORPH=empty
Et	et	CONcoo	MORPH=empty
donc	donc	ADVgen	DEGRE=-
prist	prendre	VERcjg	MODE=ind|TEMPS=psp|PERS.=3|NOMB.=s
seins	saint	ADJqua	NOMB.=s|GENRE=m|CAS=n|DEGRE=p
Lorens	loorenc	NOMpro	MORPH=empty
,	,	PONfbl	MORPH=empty
la	le	DETdef	NOMB.=s|GENRE=f|CAS=n
poeste	pöestëe	NOMcom	NOMB.=s|GENRE=f|CAS=n
del	de+le	PRE.DETdef	NOMB.=s|GENRE=m|CAS=r
seint	saint	ADJqua	NOMB.=s|GENRE=m|CAS=r|DEGRE=p
evesqe	evesque	NOMcom	NOMB.=s|GENRE=m|CAS=r
,	,	PONfbl	MORPH=empty
si	si	ADVgen	DEGRE=-
commenca	comencier	VERcjg	MODE=ind|TEMPS=psp|PERS.=3|NOMB.=s
a	a3	PRE	MORPH=empty
enquerrépartout	enquerre	VERppa	NOMB.=s|CAS=r
là	là	ADVgen	DEGRE=-
où	où	PROrel	NOMB.=s|GENRE=f|CAS=r
li	le	DETdef	NOMB.=p|GENRE=m|CAS=n
clerc	clerc	NOMcom	NOMB.=p|GENRE=m|CAS=n
estoient	estre1	VERcjg	MODE=ind|TEMPS=ipf|PERS.=3|NOMB.=p
et	et	CONcoo	MORPH=empty
li	le	DETdef	NOMB.=p|GENRE=m|CAS=n
povre	povre	NOMcom	NOMB.=s|GENRE=m|CAS=n
,	,	PONfbl	MORPH=empty
si	si	ADVgen	DEGRE=-
portoit	porter	VERcjg	MODE=ind|TEMPS=ipf|PERS.=3|NOMB.=s
avec	avuec	PRE	MORPH=empty
lui	il	PROper	PERS.=3|NOMB.=s|GENRE=m|CAS=i
les	le	DETdef	NOMB.=p|GENRE=m|CAS=r
avoirs	avoir	NOMcom	NOMB.=p|GENRE=m|CAS=r
;	;	PONfbl	MORPH=empty
si	si	ADVgen	DEGRE=-
les	il	PROper	PERS.=3|NOMB.=p|GENRE=m|CAS=r
donoit	doner	VERcjg	MODE=ind|TEMPS=ipf|PERS.=3|NOMB.=s
là	là	ADVgen	DEGRE=-
où	où	PROrel	NOMB.=s|GENRE=m|CAS=r
mestiers	mestier	NOMcom	NOMB.=s|GENRE=m|CAS=n
estoit	estre1	VERcjg	MODE=ind|TEMPS=ipf|PERS.=3|NOMB.=s
.	.	PONfrt	MORPH=empty
Et	et	CONcoo	MORPH=empty
aprés	après	ADVgen	DEGRE=-
vint	venir	VERcjg	MODE=ind|TEMPS=psp|PERS.=3|NOMB.=s
enz	enz	ADVgen	DEGRE=-
el	en1+le	PRE.DETdef	NOMB.=s|GENRE=m|CAS=r
mont	mont	NOMcom	NOMB.=s|GENRE=m|CAS=r
de	de	PRE	MORPH=empty
Celyon	celin	NOMpro	NOMB.=s|GENRE=f|CAS=r
à	a3	PRE	MORPH=empty
la	le	DETdef	NOMB.=s|GENRE=f|CAS=r
meson	maison	NOMcom	NOMB.=s|GENRE=f|CAS=r
d’une	ne1	OUT	NOMB.=s|GENRE=f|CAS=r
veue	veüe	NOMcom	NOMB.=s|GENRE=f|CAS=r
deme	deme	NOMcom	NOMB.=s|GENRE=f|CAS=r
qi	qui	PROrel	NOMB.=p|GENRE=m|CAS=n
l’amanoit	samener	VERcjg	MODE=ind|TEMPS=ipf|PERS.=3|NOMB.=s
,	,	PONfbl	MORPH=empty
qi	qui	PROrel	NOMB.=s|GENRE=m|CAS=n
.	.	PONfrt	MORPH=empty
XI	doze	DETcar	NOMB.=p|GENRE=m|CAS=r
.	.	PONfrt	MORPH=empty
anz	an	NOMcom	NOMB.=p|GENRE=m|CAS=r
avoit	avoir	VERcjg	MODE=ind|TEMPS=ipf|PERS.=3|NOMB.=s
esté	estre1	VERppe	NOMB.=s|GENRE=m|CAS=n
avec	avuec	PRE	MORPH=empty
son	son4	DETpos	PERS.=3|NOMB.=s|GENRE=m|CAS=r
baron	baron	NOMcom	NOMB.=s|GENRE=m|CAS=r
,	,	PONfbl	MORPH=empty
et	et	CONcoo	MORPH=empty
.	.	PONfrt	MORPH=empty
XXVII	vint+set	DETcar	NOMB.=p|GENRE=m|CAS=r
.	.	PONfrt	MORPH=empty
anz	an	NOMcom	NOMB.=p|GENRE=m|CAS=r
veue	vëoir	VERppe	NOMB.=s|GENRE=f|CAS=r
,	,	PONfbl	MORPH=empty
cele	cel	DETdem	NOMB.=s|GENRE=f|CAS=n
feme	feme	NOMcom	NOMB.=s|GENRE=f|CAS=n
avoit	avoir	VERcjg	MODE=ind|TEMPS=ipf|PERS.=3|NOMB.=s
en	en1	PRE	MORPH=empty
sa	son4	DETpos	PERS.=3|NOMB.=s|GENRE=f|CAS=r
meson	maison	NOMcom	NOMB.=s|GENRE=f|CAS=r
molt	mout	ADVgen	DEGRE=s
de	de	PRE	MORPH=empty
crestienz	crestiien	NOMcom	NOMB.=s|GENRE=m|CAS=r
,	,	PONfbl	MORPH=empty
repoz	repos	NOMcom	NOMB.=s|GENRE=m|CAS=r
,	,	PONfbl	MORPH=empty
prestres	prestre	NOMcom	NOMB.=s|GENRE=m|CAS=n
et	et	CONcoo	MORPH=empty
clers	clerc	NOMcom	NOMB.=s|GENRE=m|CAS=n
et	et	CONcoo	MORPH=empty
por	por2	PRE	MORPH=empty
la	le	DETdef	NOMB.=s|GENRE=f|CAS=r
poor	pëor	NOMcom	NOMB.=s|GENRE=f|CAS=r
des	de+le	PRE.DETdef	NOMB.=p|GENRE=m|CAS=r
tyranz	tiran	NOMcom	NOMB.=p|GENRE=m|CAS=r
.	.	PONfrt	MORPH=empty
Qant	cant1	CONsub	MORPH=empty
seinz	saint	ADJqua	NOMB.=s|GENRE=m|CAS=n|DEGRE=p
Lorenz	lorent	NOMpro	MORPH=empty
le	il	PROper	PERS.=3|NOMB.=s|GENRE=m|CAS=r
sot	savoir	VERcjg	MODE=ind|TEMPS=psp|PERS.=3|NOMB.=s
,	,	PONfbl	MORPH=empty
il	il	PROper	PERS.=3|NOMB.=s|GENRE=m|CAS=n
vint	venir	VERcjg	MODE=ind|TEMPS=psp|PERS.=3|NOMB.=s
parnuit	parentir	VERppe	NOMB.=s|GENRE=m
,	,	PONfbl	MORPH=empty
si	si	ADVgen	DEGRE=-
lor	il	PROper	PERS.=3|NOMB.=p|GENRE=m|CAS=i
aporta	aporter	VERcjg	MODE=ind|TEMPS=psp|PERS.=3|NOMB.=s
vesteures	vestëure	NOMcom	NOMB.=p|GENRE=f|CAS=r
et	et	CONcoo	MORPH=empty
avoirs	avoir	NOMcom	NOMB.=p|GENRE=m|CAS=r
et	et	CONcoo	MORPH=empty
aprés	après	ADVgen	DEGRE=-
lor	il	PROper	PERS.=3|NOMB.=p|GENRE=m|CAS=i
lava	laver	VERcjg	MODE=ind|TEMPS=psp|PERS.=3|NOMB.=s
toz	tot	DETind	NOMB.=p|GENRE=m|CAS=r
les	le	DETdef	NOMB.=p|GENRE=m|CAS=r
piéz	pié	NOMcom	NOMB.=p|GENRE=m|CAS=r
.	.	PONfrt	MORPH=empty
Qant	cant1	CONsub	MORPH=empty
il	il	PROper	PERS.=3|NOMB.=s|GENRE=m|CAS=n
ot	öir	VERcjg	MODE=ind|TEMPS=psp|PERS.=3|NOMB.=s
ce	ce1	PROdem	NOMB.=s|GENRE=n|CAS=r
fet	faire	VERppe	NOMB.=s|GENRE=m|CAS=r
;	;	PONfbl	MORPH=empty
la	le	DETdef	NOMB.=s|GENRE=f|CAS=n
veue	vëoir	NOMcom	NOMB.=s|GENRE=f|CAS=n
feme	feme	NOMcom	NOMB.=s|GENRE=f|CAS=n
en	en1	PRE	MORPH=empty
cui	cui	PROrel	NOMB.=s|GENRE=m|CAS=i
meson	maison	NOMcom	NOMB.=s|GENRE=f|CAS=r
il	il	PROper	PERS.=3|NOMB.=p|GENRE=m|CAS=n
estoient	estre1	VERcjg	MODE=ind|TEMPS=ipf|PERS.=3|NOMB.=p
;	;	PONfbl	MORPH=empty
se	soi1	PROper	PERS.=3|NOMB.=s|GENRE=m|CAS=r
lessa	laissier	VERcjg	MODE=ind|TEMPS=psp|PERS.=3|NOMB.=s
cheoir	chëoir	VERinf	NOMB.=x|GENRE=x|CAS=x
as	a3+le	PRE.DETdef	NOMB.=p|GENRE=m|CAS=r
piez	pié	NOMcom	NOMB.=p|GENRE=m|CAS=r
saint	saint	ADJqua	NOMB.=s|GENRE=m|CAS=r|DEGRE=p
Lorenz	lorent	NOMpro	NOMB.=p|GENRE=f|CAS=r
et	et	CONcoo	MORPH=empty
si	si	ADVgen	DEGRE=-
li	il	PROper	PERS.=3|NOMB.=s|GENRE=m|CAS=i
dist	dire	VERcjg	MODE=ind|TEMPS=psp|PERS.=3|NOMB.=s
:	:	PONfbl	MORPH=empty
"	"	PONfbl	MORPH=empty
JE	je	PROper	PERS.=1|NOMB.=s|GENRE=m|CAS=n
te	tu	PROper	PERS.=2|NOMB.=s|GENRE=m|CAS=r
pri	priier	VERcjg	MODE=ind|TEMPS=pst|PERS.=1|NOMB.=s
et	et	CONcoo	MORPH=empty
conjur	conjurer	VERcjg	NOMB.=s|GENRE=m|CAS=r
de	de	PRE	MORPH=empty
par	par	PRE	MORPH=empty
Nostre	nostre	DETpos	PERS.=1|NOMB.=s|GENRE=m|CAS=r
Signor	seignor	NOMcom	NOMB.=s|GENRE=m|CAS=r
Jesu	jhesu	NOMpro	NOMB.=s|GENRE=m|CAS=r
Crist	crist	NOMpro	NOMB.=s|GENRE=m|CAS=r
,	,	PONfbl	MORPH=empty
qe	que4	CONsub	MORPH=empty
tu	tu	PROper	PERS.=2|NOMB.=s|GENRE=m|CAS=n
me	je	PROper	PERS.=1|NOMB.=s|GENRE=m|CAS=r
metes	metre2	VERcjg	MODE=ind|TEMPS=pst|PERS.=2|NOMB.=p
tes	ton4	DETpos	PERS.=2|NOMB.=s|GENRE=m|CAS=r
meins	main2	NOMcom	NOMB.=p|GENRE=f|CAS=r
sor	sor2	PRE	MORPH=empty
mon	mon1	DETpos	PERS.=1|NOMB.=s|GENRE=m|CAS=r
chief	chief1	NOMcom	NOMB.=s|GENRE=m|CAS=r
,	,	PONfbl	MORPH=empty
car	car	CONcoo	MORPH=empty
je	je	PROper	PERS.=1|NOMB.=s|GENRE=m|CAS=n
iai	ja	VERcjg	MODE=ind|TEMPS=pst|PERS.=1|NOMB.=s
molt	mout	ADVgen	DEGRE=s
grant	grant	ADJqua	NOMB.=s|GENRE=f|CAS=r|DEGRE=p
doleur	dolor	NOMcom	NOMB.=s|GENRE=f|CAS=r
et	et	CONcoo	MORPH=empty
molt	mout	ADVgen	DEGRE=-
tres	très	ADVgen	DEGRE=-
grant	grant	ADJqua	NOMB.=s|GENRE=f|CAS=r|DEGRE=p
enfermeté	enfermeté1	NOMcom	NOMB.=s|GENRE=f|CAS=r
.	.	PONfrt	MORPH=empty
"	"	PONfbl	MORPH=empty
Lors	lors	ADVgen	DEGRE=-
dist	dire	VERcjg	MODE=ind|TEMPS=pst|PERS.=3|NOMB.=s
seinz	saint	ADJqua	NOMB.=s|GENRE=m|CAS=n|DEGRE=p
Lorenz	lorenc	NOMpro	MORPH=empty
à	a3	PRE	MORPH=empty
la	le	DETdef	NOMB.=s|GENRE=f|CAS=r
feme	feme	NOMcom	NOMB.=s|GENRE=f|CAS=r
qi	qui	PROrel	NOMB.=s|GENRE=m|CAS=n
Cyriace	cyrical	NOMpro	NOMB.=s|GENRE=f|CAS=r
estoit	estre1	VERcjg	MODE=ind|TEMPS=ipf|PERS.=3|NOMB.=s
apelee	apeler	VERppe	NOMB.=s|GENRE=f|CAS=n
:	:	PONfbl	MORPH=empty
"	"	PONfbl	MORPH=empty
Je	je	PROper	PERS.=1|NOMB.=s|GENRE=m|CAS=n
te	tu	PROper	PERS.=2|NOMB.=s|GENRE=m|CAS=i
meterai	metre2	VERcjg	MODE=ind|TEMPS=fut|PERS.=1|NOMB.=s
ma	mon1	DETpos	PERS.=1|NOMB.=s|GENRE=f|CAS=r
mein	main2	NOMcom	NOMB.=s|GENRE=f|CAS=r
sor	sor2	PRE	MORPH=empty
ton	ton4	DETpos	PERS.=2|NOMB.=s|GENRE=m|CAS=r
chief	chief1	NOMcom	NOMB.=s|GENRE=m|CAS=r
El	en1+le	PRE.DETdef	NOMB.=s|GENRE=m|CAS=r
non	nom	NOMcom	NOMB.=s|GENRE=m|CAS=r
Nostre	nostre	DETpos	PERS.=1|NOMB.=s|GENRE=m|CAS=r
Signeur	seignor	NOMcom	NOMB.=s|GENRE=m|CAS=r
Jesu	jesu	NOMpro	NOMB.=s|GENRE=m|CAS=r
le	le	DETdef	NOMB.=s|GENRE=m|CAS=r
Fiuz	fil2	NOMcom	NOMB.=s|GENRE=m|CAS=r
Deu	dieu	NOMpro	NOMB.=s|GENRE=m|CAS=r
.	.	PONfrt	MORPH=empty
"	"	PONfbl	MORPH=empty
Et	et	CONcoo	MORPH=empty
lors	lors	ADVgen	DEGRE=-
li	il	PROper	PERS.=3|NOMB.=s|GENRE=m|CAS=i
fist	faire	VERcjg	MODE=ind|TEMPS=psp|PERS.=3|NOMB.=s
le	le	DETdef	NOMB.=s|GENRE=m|CAS=r
signe	signe1	NOMcom	NOMB.=s|GENRE=m|CAS=r
de	de	PRE	MORPH=empty
la	le	DETdef	NOMB.=s|GENRE=f|CAS=r
vraie	verai	ADJqua	NOMB.=s|GENRE=f|CAS=r|DEGRE=p
croiz	croiz	NOMcom	NOMB.=s|GENRE=f|CAS=r
seur	sor2	PRE	MORPH=empty
son	son4	DETpos	PERS.=3|NOMB.=s|GENRE=m|CAS=r
chief	chief1	NOMcom	NOMB.=s|GENRE=m|CAS=r
,	,	PONfbl	MORPH=empty
et	et	CONcoo	MORPH=empty
si	si	ADVgen	DEGRE=-
li	il	PROper	PERS.=3|NOMB.=s|GENRE=m|CAS=i
mist	metre2	VERcjg	MODE=ind|TEMPS=psp|PERS.=3|NOMB.=s
ses	son4	DETpos	PERS.=3|NOMB.=p|GENRE=f|CAS=r
meins	main2	NOMcom	NOMB.=p|GENRE=f|CAS=r
deseure	desor	ADVgen	DEGRE=-
et	et	CONcoo	MORPH=empty
puis	puis	ADVgen	DEGRE=-
mist	metre2	VERcjg	MODE=ind|TEMPS=psp|PERS.=3|NOMB.=s
deseur	desor	PRE	MORPH=empty
li	il	PROper	NOMB.=s|GENRE=m|CAS=i
le	le	DETdef	NOMB.=s|GENRE=m|CAS=r
drap	drap	NOMcom	NOMB.=s|GENRE=m|CAS=r
dont	dont	ADVgen	NOMB.=s
l’en	segm	OUT	NOMB.=s
essuiot	essuier	VERcjg	NOMB.=s|GENRE=m|CAS=r
les	le	DETdef	NOMB.=p|GENRE=m|CAS=r
piéz	pié	NOMcom	NOMB.=p|GENRE=m|CAS=r
des	de+le	PRE.DETdef	NOMB.=p|GENRE=m|CAS=r
seinz	saint	ADJqua	NOMB.=p|GENRE=m|CAS=r|DEGRE=p
homes	ome	NOMcom	NOMB.=p|GENRE=m|CAS=r
qi	qui	PROrel	NOMB.=p|GENRE=m|CAS=n
là	là	ADVgen	DEGRE=-
estoient	estre1	VERcjg	MODE=ind|TEMPS=ipf|PERS.=3|NOMB.=p
.	.	PONfrt	MORPH=empty
Et	et	CONcoo	MORPH=empty
tantost	tantost	ADVgen	DEGRE=-
fu	estre1	VERcjg	MODE=ind|TEMPS=psp|PERS.=3|NOMB.=s
ele	il	PROper	PERS.=3|NOMB.=s|GENRE=f|CAS=n
garie	garir	VERppe	NOMB.=s|GENRE=f|CAS=n
de	de	PRE	MORPH=empty
la	le	DETdef	NOMB.=s|GENRE=f|CAS=r
grant	grant	ADJqua	NOMB.=s|GENRE=f|CAS=r|DEGRE=p
enfermeté	enfermeté1	NOMcom	NOMB.=s|GENRE=f|CAS=r
.	.	PONfrt	MORPH=empty
En	en1	PRE	MORPH=empty
cele	cel	DETdem	NOMB.=s|GENRE=f|CAS=r
meisme	mëisme	ADJind	NOMB.=s|GENRE=f|CAS=r
nuit	nuit	NOMcom	NOMB.=s|GENRE=f|CAS=r
se	soi1	PROper	PERS.=3|NOMB.=s|GENRE=m|CAS=r
departi	departir	VERcjg	MODE=ind|TEMPS=psp|PERS.=3|NOMB.=s
seinz	saint	ADJqua	NOMB.=s|GENRE=m|CAS=n|DEGRE=p
Lorenz	lorenc	NOMpro	NOMB.=p
de	de	PRE	MORPH=empty
là	là	ADVgen	DEGRE=-
,	,	PONfbl	MORPH=empty
et	et	CONcoo	MORPH=empty
si	si	ADVgen	DEGRE=-
commenca	comencier	VERcjg	MODE=ind|TEMPS=psp|PERS.=3|NOMB.=s
aquerré	aquerre	VERppe	NOMB.=s|GENRE=m|CAS=n
les	le	DETdef	NOMB.=p|GENRE=m|CAS=r
crestienz	crestiien	NOMcom	NOMB.=p|GENRE=m|CAS=r
partout	tot	ADVgen	DEGRE=-
là	là	ADVgen	DEGRE=-
où	où	PROrel	NOMB.=s|GENRE=n|CAS=r
il	il	PROper	PERS.=3|NOMB.=p|GENRE=m|CAS=n
estoient	estre1	VERcjg	MODE=ind|TEMPS=ipf|PERS.=3|NOMB.=p
assamblé	assembler	VERppe	NOMB.=p|GENRE=m|CAS=n
;	;	PONfbl	MORPH=empty
fust	estre1	VERcjg	MODE=sub|TEMPS=ipf|PERS.=3|NOMB.=s
en	en1	PRE	MORPH=empty
mesons	maison	NOMcom	NOMB.=p|GENRE=f|CAS=r
ou	o3	CONcoo	MORPH=empty
en	en1	PRE	MORPH=empty
croutes	crote1	NOMcom	NOMB.=s|GENRE=f|CAS=r
ou	o3	CONcoo	MORPH=empty
en	en1	PRE	MORPH=empty
autres	autre	DETind	NOMB.=p|GENRE=m|CAS=r
leus	lieu	NOMcom	NOMB.=p|GENRE=m|CAS=r
,	,	PONfbl	MORPH=empty
tant	tant	ADVgen	DEGRE=-
qe	que4	CONsub	MORPH=empty
il	il	PROper	PERS.=3|NOMB.=s|GENRE=m|CAS=n
vint	venir	VERcjg	MODE=ind|TEMPS=psp|PERS.=3|NOMB.=s
en	en1	PRE	MORPH=empty
la	le	DETdef	NOMB.=s|GENRE=f|CAS=r
rue	rüe2	NOMcom	NOMB.=s|GENRE=f|CAS=r
del	de+le	PRE.DETdef	NOMB.=s|GENRE=m|CAS=r
charnier	charnier2	NOMcom	NOMB.=x|GENRE=m|CAS=r
,	,	PONfbl	MORPH=empty
et	et	CONcoo	MORPH=empty
là	là	ADVgen	DEGRE=-
trova	trover	VERcjg	MODE=ind|TEMPS=psp|PERS.=3|NOMB.=s
il	il	PROper	PERS.=3|NOMB.=s|GENRE=m|CAS=n
molt	mout	ADVgen	DEGRE=s
de	de	PRE	MORPH=empty
crestiens	crestiien	NOMcom	NOMB.=p|GENRE=m|CAS=r|DEGRE=p
assambléz	assembler	VERppe	NOMB.=p|GENRE=m|CAS=r
à	a3	PRE	MORPH=empty
la	le	DETdef	NOMB.=s|GENRE=f|CAS=r
meson	maison	NOMcom	NOMB.=s|GENRE=f|CAS=r
d’un	en1	PRE	NOMB.=s|GENRE=m|CAS=r
crestien	crestiien	NOMcom	NOMB.=s|GENRE=m|CAS=r
qi	qui	PROrel	NOMB.=s|GENRE=m|CAS=n
Nartyses	natres	NOMpro	NOMB.=s|GENRE=m|CAS=n
estoit	estre1	VERcjg	MODE=ind|TEMPS=ipf|PERS.=3|NOMB.=s
apeléz	apeler	VERppe	NOMB.=s|GENRE=m|CAS=n
.	.	PONfrt	MORPH=empty
Qant	cant1	CONsub	MORPH=empty
seinz	saint	ADJqua	NOMB.=s|GENRE=m|CAS=n|DEGRE=p
Lorenz	lorenc	NOMpro	MORPH=empty
i	i2	PROadv	MORPH=empty
fu	estre1	VERcjg	MODE=ind|TEMPS=psp|PERS.=3|NOMB.=s
entréz	entrer	VERppe	NOMB.=s|GENRE=m|CAS=n
tot	tot	ADVgen	DEGRE=-
plorant	plorer	VERppa	NOMB.=x|GENRE=x|CAS=x
,	,	PONfbl	MORPH=empty
il	il	PROper	PERS.=3|NOMB.=s|GENRE=m|CAS=n
lor	il	PROper	PERS.=3|NOMB.=p|GENRE=m|CAS=i
lava	laver	VERcjg	MODE=ind|TEMPS=psp|PERS.=3|NOMB.=s
les	le	DETdef	NOMB.=p|GENRE=m|CAS=r
piéz	pié	NOMcom	NOMB.=p|GENRE=m|CAS=r
et	et	CONcoo	MORPH=empty
si	si	ADVgen	DEGRE=-
lor	il	PROper	PERS.=3|NOMB.=p|GENRE=m|CAS=i
dona	doner	VERcjg	MODE=ind|TEMPS=psp|PERS.=3|NOMB.=s
de	de	PRE	MORPH=empty
l’avoir	savoir	VERinf	NOMB.=x|GENRE=x|CAS=x
qe	que2	PROrel	MORPH=empty
seinz	saint	ADJqua	NOMB.=s|GENRE=m|CAS=n|DEGRE=p
Syxtes	saint	NOMpro	NOMB.=s|GENRE=m|CAS=n
avoit	avoir	VERcjg	MODE=ind|TEMPS=ipf|PERS.=3|NOMB.=s
commandéà	comander	VERppe	NOMB.=s|GENRE=m|CAS=r
doner	doner	VERinf	NOMB.=x|GENRE=x|CAS=x
as	a3+le	PRE.DETdef	NOMB.=p|GENRE=m|CAS=r
povres	povre	NOMcom	NOMB.=p|GENRE=m|CAS=r|DEGRE=p
.	.	PONfrt	MORPH=empty
En	en1	PRE	MORPH=empty
cele	cel	DETdem	NOMB.=s|GENRE=f|CAS=r
meson	maison	NOMcom	NOMB.=s|GENRE=f|CAS=r
trova	trover	VERcjg	MODE=ind|TEMPS=psp|PERS.=3|NOMB.=s
il	il	PROper	PERS.=3|NOMB.=s|GENRE=m|CAS=n
.	.	PONfrt	MORPH=empty
I	un	DETndf	NOMB.=s|GENRE=m|CAS=r
.	.	PONfrt	MORPH=empty
home	ome	NOMcom	NOMB.=s|GENRE=m|CAS=n
qi	qui	PROrel	NOMB.=s|GENRE=m|CAS=n
estoit	estre1	VERcjg	MODE=ind|TEMPS=ipf|PERS.=3|NOMB.=s
avugles	avugle	ADJqua	NOMB.=s|GENRE=m|CAS=n|DEGRE=p
si	si	ADVgen	DEGRE=-
avoit	avoir	VERcjg	MODE=ind|TEMPS=ipf|PERS.=3|NOMB.=s
non	nom	NOMcom	NOMB.=s|GENRE=m|CAS=r
cressencies	crester	VERppe	NOMB.=p|GENRE=f|CAS=r
,	,	PONfbl	MORPH=empty
et	et	CONcoo	MORPH=empty
cil	cel	PROdem	NOMB.=s|GENRE=m|CAS=n
li	il	PROper	PERS.=3|NOMB.=s|GENRE=m|CAS=i
commenca	comencier	VERcjg	MODE=ind|TEMPS=psp|PERS.=3|NOMB.=s
à	a3	PRE	MORPH=empty
proier	priier	VERinf	NOMB.=x|GENRE=x|CAS=x
tot	tot	ADVgen	GENRE=m|CAS=r
emplorant	emplorir	VERppa	NOMB.=x|GENRE=m|CAS=x
et	et	CONcoo	MORPH=empty
à	a3	PRE	MORPH=empty
dire	dire	VERinf	NOMB.=x|GENRE=x|CAS=x
:	:	PONfbl	MORPH=empty
"	"	PONfbl	MORPH=empty
Seins	saint	ADJqua	NOMB.=s|GENRE=m|CAS=n|DEGRE=p
hom	ome	NOMcom	NOMB.=s|GENRE=m|CAS=n
a	avoir	VERcjg	MODE=ind|TEMPS=pst|PERS.=3
touché	tochier	VERppe	NOMB.=s|GENRE=m|CAS=r
mes	mon1	DETpos	PERS.=1|NOMB.=s|GENRE=m|CAS=r
iols	ueil	NOMcom	NOMB.=s|GENRE=m|CAS=r
de	de	PRE	MORPH=empty
ces	ce2	DETdem	NOMB.=p|GENRE=f|CAS=r
meins	main2	NOMcom	NOMB.=p|GENRE=f|CAS=r
si	si	ADVgen	DEGRE=-
qe	que4	CONsub	MORPH=empty
je	je	PROper	PERS.=1|NOMB.=s|GENRE=m|CAS=n
puisse	pöoir	VERcjg	MODE=sub|TEMPS=pst|PERS.=3|NOMB.=s
veoir	vëoir	VERinf	NOMB.=x|GENRE=x|CAS=x
ta	ton4	DETpos	PERS.=2|NOMB.=s|GENRE=f|CAS=r
face	face	NOMcom	MODE=sub|NOMB.=s|GENRE=f|CAS=r
.	.	PONfrt	MORPH=empty
"	"	PONfbl	MORPH=empty
Donc	donc	ADVgen	DEGRE=-
commenca	comencier	VERcjg	MODE=ind|TEMPS=psp|PERS.=3|NOMB.=s
li	le	DETdef	NOMB.=s|GENRE=m|CAS=n
seinz	saint	ADJqua	NOMB.=s|GENRE=m|CAS=n|DEGRE=p
amis	ami	NOMcom	NOMB.=s|GENRE=m|CAS=n
Deuà	devoir	NOMpro	MORPH=empty
dire	dire	VERinf	NOMB.=x|GENRE=x|CAS=x
:	:	PONfbl	MORPH=empty
"	"	PONfbl	MORPH=empty
Nostre	nostre	DETpos	PERS.=1|NOMB.=s|GENRE=m|CAS=n
Sire	seignor	NOMcom	NOMB.=s|GENRE=m|CAS=n
Jesu	jesu	NOMpro	NOMB.=s|GENRE=m|CAS=r
Crist	crist	NOMpro	NOMB.=s|GENRE=m|CAS=r
qi	qui	PROrel	NOMB.=s|GENRE=m|CAS=n
aovri	avoir	VERppe	MODE=ind|TEMPS=psp|PERS.=3|NOMB.=s
les	le	DETdef	NOMB.=p|GENRE=m|CAS=r
iols	ueil	NOMcom	NOMB.=p|GENRE=m|CAS=r
del	de+le	PRE.DETdef	NOMB.=s|GENRE=m|CAS=r
avugle	avugle	NOMcom	NOMB.=s|GENRE=m|CAS=r
;	;	PONfbl	MORPH=empty
te	tu	PROper	PERS.=2|NOMB.=s|GENRE=m|CAS=i
puisse	pöoir	VERcjg	MODE=sub|TEMPS=pst|PERS.=3|NOMB.=s
enluminer	enluminer	VERinf	NOMB.=x|GENRE=x|CAS=x
.	.	PONfrt	MORPH=empty
"	"	PONfbl	MORPH=empty
Et	et	CONcoo	MORPH=empty
tantost	tantost	ADVgen	DEGRE=-
com	come1	CONsub	MORPH=empty
il	il	PROper	PERS.=3|NOMB.=s|GENRE=m|CAS=n
ot	avoir	VERcjg	MODE=ind|TEMPS=psp|PERS.=3|NOMB.=s
fet	faire	VERppe	NOMB.=s|GENRE=m|CAS=r
le	le	DETdef	NOMB.=s|GENRE=m|CAS=r
signe	signe1	NOMcom	NOMB.=s|GENRE=m|CAS=r
de	de	PRE	MORPH=empty
la	le	DETdef	NOMB.=s|GENRE=f|CAS=r
veraie	verai	ADJqua	NOMB.=s|GENRE=f|CAS=r|DEGRE=p
croiz	croiz	NOMcom	NOMB.=s|GENRE=f|CAS=r
Nostre	nostre	DETpos	PERS.=1|NOMB.=s|GENRE=m|CAS=r
Signor	seignor	NOMcom	NOMB.=s|GENRE=m|CAS=r
sor	sor2	PRE	MORPH=empty
ses	son4	DETpos	PERS.=3|NOMB.=p|GENRE=m|CAS=r
iols	ueil	NOMcom	NOMB.=p|GENRE=m|CAS=r
;	;	PONfbl	MORPH=empty
cil	cel	PROdem	NOMB.=s|GENRE=m|CAS=n
vit	vëoir	VERcjg	MODE=ind|TEMPS=psp|PERS.=3|NOMB.=s
la	le	DETdef	NOMB.=s|GENRE=f|CAS=r
lumiere	lumiere	NOMcom	NOMB.=s|GENRE=f|CAS=r
et	et	CONcoo	MORPH=empty
saint	saint	ADJqua	NOMB.=s|GENRE=m|CAS=r|DEGRE=p
Lorenz	lorent	NOMpro	MORPH=empty
einsi	ainsi	ADVgen	DEGRE=-
q’il	cel	PROdem	PERS.=3|NOMB.=s|GENRE=m|CAS=i
li	il	PROper	PERS.=3|NOMB.=s|GENRE=m|CAS=i
avoit	avoir	VERcjg	MODE=ind|TEMPS=ipf|PERS.=3|NOMB.=s
requis	requerre	VERppe	NOMB.=s|GENRE=m|CAS=r
.	.	PONfrt	MORPH=empty
Lors	lors	ADVgen	DEGRE=-
s’en	segm	PROper	PERS.=3|NOMB.=s
departi	departir	VERcjg	MODE=ind|TEMPS=psp|PERS.=3|NOMB.=s
seinz	saint	ADJqua	NOMB.=s|GENRE=m|CAS=n|DEGRE=p
Lorenz	lorenc	NOMpro	NOMB.=p
,	,	PONfbl	MORPH=empty
et	et	CONcoo	MORPH=empty
si	si	ADVgen	DEGRE=-
oï	oir	VERcjg	MODE=ind|TEMPS=psp|PERS.=3|NOMB.=s
dire	dire	VERinf	NOMB.=x|GENRE=x|CAS=x
qe	que4	CONsub	MORPH=empty
en	en1	PRE	MORPH=empty
la	le	DETdef	NOMB.=s|GENRE=f|CAS=r
rue	rüe2	NOMcom	NOMB.=s|GENRE=f|CAS=r
qi	qui	PROrel	NOMB.=s|GENRE=m|CAS=n
estoit	estre1	VERcjg	MODE=ind|TEMPS=ipf|PERS.=3|NOMB.=s
apelee	apeler	VERppe	NOMB.=s|GENRE=f|CAS=n
Patrisse	patisier	NOMpro	NOMB.=s|GENRE=f|CAS=n
avoit	avoir	VERcjg	MODE=ind|TEMPS=ipf|PERS.=3|NOMB.=s
molt	mout	ADVgen	DEGRE=-
de	de	PRE	MORPH=empty
crestienz	crestiien	NOMcom	NOMB.=s|GENRE=m|CAS=r
assambléz	assembler	VERppe	NOMB.=p|GENRE=m|CAS=r
en	en1	PRE	MORPH=empty
une	un	DETndf	NOMB.=s|GENRE=f|CAS=r
croute	crote1	NOMcom	NOMB.=s|GENRE=f|CAS=r
et	et	CONcoo	MORPH=empty
là	là	ADVgen	DEGRE=-
vint	venir	VERcjg	MODE=ind|TEMPS=psp|PERS.=3|NOMB.=s
il	il	PROper	PERS.=3|NOMB.=s|GENRE=m|CAS=n
à	a3	PRE	MORPH=empty
aus	il	PROper	PERS.=3|NOMB.=p|GENRE=m|CAS=i
et	et	CONcoo	MORPH=empty
si	si	ADVgen	DEGRE=-
porta	porter	VERcjg	MODE=ind|TEMPS=psp|PERS.=3|NOMB.=s
avec	avuec	PRE	MORPH=empty
lui	il	PROper	PERS.=3|NOMB.=s|GENRE=m|CAS=i
ce	ce1	PROdem	NOMB.=s|GENRE=n|CAS=r
qe	que2	PROrel	NOMB.=s|CAS=r
mestiers	mestier	NOMcom	NOMB.=s|GENRE=m|CAS=n
estoit	estre1	VERcjg	MODE=ind|TEMPS=ipf|PERS.=3|NOMB.=s
à	a3	PRE	MORPH=empty
els	il	PROper	PERS.=3|NOMB.=p|GENRE=m|CAS=i
,	,	PONfbl	MORPH=empty
et	et	CONcoo	MORPH=empty
si	si	ADVgen	DEGRE=-
en	en2	PROadv	MORPH=empty
i	i2	PROadv	MORPH=empty
avoit	avoir	VERcjg	MODE=ind|TEMPS=ipf|PERS.=3|NOMB.=s
bien	bien1	ADVgen	DEGRE=-
assambléz	assembler	VERppe	NOMB.=p|GENRE=m|CAS=r
qe	que4	CONsub	MORPH=empty
homes	ome	NOMcom	NOMB.=p|GENRE=m|CAS=r
qe	que2	PROrel	MORPH=empty
femes	feme	NOMcom	NOMB.=p|GENRE=f|CAS=r
.	.	PONfrt	MORPH=empty
LXIII	chastre	DETcar	NOMB.=p|GENRE=m|CAS=r
.	.	PONfrt	MORPH=empty
Et	et	CONcoo	MORPH=empty
lors	lors	ADVgen	DEGRE=-
les	il	PROper	PERS.=3|NOMB.=p|GENRE=m|CAS=r
baisa	baisier	VERcjg	MODE=ind|TEMPS=psp|PERS.=3|NOMB.=s
seinz	saint	ADJqua	NOMB.=s|GENRE=m|CAS=n|DEGRE=p
Lorens	loorenc	NOMpro	DEGRE=-
tot	tot	ADVgen	DEGRE=-
emplorant	emploir	VERppa	NOMB.=x|GENRE=m|CAS=x
,	,	PONfbl	MORPH=empty
et	et	CONcoo	MORPH=empty
si	si	ADVgen	DEGRE=-
lor	il	PROper	PERS.=3|NOMB.=p|GENRE=m|CAS=i
dona	doner	VERcjg	MODE=ind|TEMPS=psp|PERS.=3|NOMB.=s
pais	pais	NOMcom	NOMB.=s|GENRE=f|CAS=r
,	,	PONfbl	MORPH=empty
là	là	ADVgen	DEGRE=-
trova	trover	VERcjg	MODE=ind|TEMPS=psp|PERS.=3|NOMB.=s
il	il	PROper	PERS.=3|NOMB.=s|GENRE=m|CAS=n
un	un	DETndf	NOMB.=s|GENRE=m|CAS=r
prestre	prestre	NOMcom	NOMB.=s|GENRE=m|CAS=r
qi	qui	PROrel	NOMB.=s|GENRE=m|CAS=n
parnon	paron	NOMcom	NOMB.=s|GENRE=m|CAS=n
estoit	estre1	VERcjg	MODE=ind|TEMPS=ipf|PERS.=3|NOMB.=s
apeléz	apeler	VERppe	NOMB.=s|GENRE=m|CAS=n
Justins	justin	NOMpro	NOMB.=s|GENRE=m|CAS=n
qe	que4	CONsub	MORPH=empty
seinz	saint	ADJqua	NOMB.=s|GENRE=m|CAS=n|DEGRE=p
Syxtes	saint	NOMpro	NOMB.=s|GENRE=m|CAS=n
avoit	avoir	VERcjg	MODE=ind|TEMPS=ipf|PERS.=3|NOMB.=s
ordené	ordener	VERppe	NOMB.=s|GENRE=m|CAS=r
.	.	PONfrt	MORPH=empty
Qant	cant1	CONsub	MORPH=empty
seinz	saint	ADJqua	NOMB.=s|GENRE=m|CAS=n|DEGRE=p
Lorenz	lorent	NOMpro	MORPH=empty
le	il	PROper	PERS.=3|NOMB.=s|GENRE=m|CAS=r
vit	vëoir	VERcjg	MODE=ind|TEMPS=psp|PERS.=3|NOMB.=s
,	,	PONfbl	MORPH=empty
il	il	PROper	PERS.=3|NOMB.=s|GENRE=m|CAS=n
se	soi1	PROper	PERS.=3|NOMB.=s|GENRE=m|CAS=r
mist	metre2	VERcjg	MODE=ind|TEMPS=psp|PERS.=3|NOMB.=s
à	a3	PRE	MORPH=empty
jenols	jancle	NOMcom	NOMB.=p|GENRE=m|CAS=r
sor	sor2	PRE	MORPH=empty
le	le	DETdef	NOMB.=s|GENRE=m|CAS=r
pavement	pavement	NOMcom	NOMB.=s|GENRE=m|CAS=r
por	por2	PRE	MORPH=empty
baisier	baisier	VERinf	NOMB.=x|GENRE=x|CAS=x
ses	son4	DETpos	PERS.=3|NOMB.=p|GENRE=m|CAS=r
piéz	pié	NOMcom	NOMB.=p|GENRE=m|CAS=r
.	.	PONfrt	MORPH=empty
Et	et	CONcoo	MORPH=empty
seins	saint	ADJqua	NOMB.=s|GENRE=m|CAS=n|DEGRE=p
Justins	justicin	NOMpro	NOMB.=s|GENRE=m|CAS=n
se	soi1	PROper	PERS.=3|NOMB.=s|GENRE=m|CAS=r
remist	remetre	VERcjg	MODE=ind|TEMPS=psp|PERS.=3|NOMB.=s
aussi	aussi	ADVgen	DEGRE=-
à	a3	PRE	MORPH=empty
genoz	genoil	NOMcom	NOMB.=p|GENRE=m|CAS=r
,	,	PONfbl	MORPH=empty
por	por2	PRE	MORPH=empty
baisier	baisier	VERinf	NOMB.=x|GENRE=x|CAS=x
les	le	DETdef	NOMB.=p|GENRE=m|CAS=r
piéz	pié	NOMcom	NOMB.=p|GENRE=m|CAS=r
seint	saint	ADJqua	NOMB.=p|GENRE=m|CAS=r|DEGRE=p
Lorens	loorenc	NOMpro	NOMB.=p
.	.	PONfrt	MORPH=empty
A	a3	PRE	MORPH=empty
ce	ce1	PROdem	NOMB.=s|GENRE=n|CAS=r
faire	faire	VERinf	NOMB.=x|GENRE=x|CAS=x
mistrent	metre2	VERcjg	MODE=ind|TEMPS=psp|PERS.=3|NOMB.=p
il	il	PROper	PERS.=3|NOMB.=p|GENRE=m|CAS=n
grant	grant	ADJqua	NOMB.=s|GENRE=f|CAS=r|DEGRE=p
pieté	pïeté	NOMcom	NOMB.=s|GENRE=f|CAS=r
qe	que2	PROrel	MORPH=empty
li	le	DETdef	NOMB.=s|GENRE=m|CAS=n
uns	un	PROind	NOMB.=s|GENRE=m|CAS=n
ne	ne1	ADVneg	MORPH=empty
lessoit	laissier	VERcjg	MODE=ind|TEMPS=ipf|PERS.=3|NOMB.=s
beisier	baisier	VERinf	NOMB.=x|GENRE=x|CAS=x
ses	son4	DETpos	PERS.=3|NOMB.=p|GENRE=m|CAS=r
piéz	pié	NOMcom	NOMB.=p|GENRE=m|CAS=r
à	a3	PRE	MORPH=empty
l’autre	sautre	NOMcom	NOMB.=s|GENRE=m|CAS=r
.	.	PONfrt	MORPH=empty
Et	et	CONcoo	MORPH=empty
donc	donc	ADVgen	DEGRE=-
dist	dire	VERcjg	MODE=ind|TEMPS=psp|PERS.=3|NOMB.=s
seinz	saint	ADJqua	NOMB.=s|GENRE=m|CAS=n|DEGRE=p
Lorenz	lorent	NOMpro	MORPH=empty
:	:	PONfbl	MORPH=empty
"	"	PONfbl	MORPH=empty
Biaus	bel1	ADJqua	NOMB.=s|GENRE=m|CAS=n|DEGRE=p
sire	seignor	NOMcom	NOMB.=s|GENRE=m|CAS=n
raemplissiéz	remetre	VERppe	MODE=imp|PERS.=2|NOMB.=s
mon	mon1	DETpos	PERS.=1|NOMB.=s|GENRE=m|CAS=r
desirier	desirrier2	NOMcom	NOMB.=s|GENRE=m|CAS=r
et	et	CONcoo	MORPH=empty
si	si	ADVgen	DEGRE=-
me	je	PROper	PERS.=1|NOMB.=s|GENRE=m|CAS=r
les	laissier	PROper	PERS.=2|NOMB.=p|GENRE=m|CAS=r
-	-	PONfbl	MORPH=empty
siéz	sëoir	VERcjg	MODE=sub|TEMPS=pst|PERS.=2|NOMB.=p
laver	laver	VERinf	CAS=x
voz	vostre	DETpos	PERS.=2|NOMB.=p|GENRE=m|CAS=n
piéz	pié	NOMcom	NOMB.=p|GENRE=m|CAS=r
,	,	PONfbl	MORPH=empty
et	et	CONcoo	MORPH=empty
les	le	DETdef	NOMB.=p|GENRE=m|CAS=r
piéz	pié	NOMcom	NOMB.=p|GENRE=m|CAS=r
de	de	PRE	MORPH=empty
ces	ce2	DETdem	NOMB.=p|GENRE=m|CAS=r
seins	saint	ADJqua	NOMB.=p|GENRE=m|CAS=r|DEGRE=p
homes	ome	NOMcom	NOMB.=p|GENRE=m|CAS=r
qi	qui	PROrel	NOMB.=p|GENRE=m|CAS=n
ceiens	ceine	NOMcom	MORPH=empty
sont	estre1	VERcjg	MODE=ind|TEMPS=pst|PERS.=3|NOMB.=p
à	a3	PRE	MORPH=empty
mes	mon1	DETpos	NOMB.=p|GENRE=f|CAS=r
meins	main2	NOMcom	NOMB.=p|GENRE=f|CAS=r
.	.	PONfrt	MORPH=empty
"	"	PONfbl	MORPH=empty
Seins	saint	ADJqua	NOMB.=s|GENRE=m|CAS=n|DEGRE=p
Justins	justin	NOMpro	NOMB.=s|GENRE=m|CAS=n
li	le	DETdef	NOMB.=s|GENRE=m|CAS=n
prestres	prestre	NOMcom	NOMB.=s|GENRE=m|CAS=n
li	il	PROper	PERS.=3|NOMB.=s|GENRE=m|CAS=i
respondi	respondre1	VERcjg	MODE=ind|TEMPS=psp|PERS.=3|NOMB.=s
:	:	PONfbl	MORPH=empty
"	"	PONfbl	MORPH=empty
Le	il	PROper	PERS.=3|NOMB.=s|GENRE=n|CAS=r
est	estre1	VERcjg	MODE=ind|TEMPS=pst|PERS.=3|NOMB.=s
li	le	DETdef	NOMB.=s|GENRE=m|CAS=n
coumandemenz	comandement	NOMcom	NOMB.=s|GENRE=m|CAS=n
Nostre	nostre	DETpos	PERS.=1|NOMB.=s|GENRE=m|CAS=n
Signor	seignor	NOMcom	NOMB.=s|GENRE=m|CAS=r
;	;	PONfbl	MORPH=empty
feites	faire	VERcjg	MODE=imp|PERS.=2|NOMB.=p
vostre	vostre	DETpos	PERS.=2|NOMB.=p|GENRE=f|CAS=r
volenté	volenté	NOMcom	NOMB.=s|GENRE=f|CAS=r
,	,	PONfbl	MORPH=empty
el	en1+le	PRE.DETdef	NOMB.=s|GENRE=m|CAS=r
non	nom	NOMcom	NOMB.=s|GENRE=m|CAS=r
dame	dame	NOMcom	NOMB.=s|GENRE=f|CAS=r
Deu	dieu	NOMpro	NOMB.=s|GENRE=m|CAS=r
Jesu	jhesu	NOMpro	NOMB.=s|GENRE=m|CAS=r
Crist	crist	NOMpro	NOMB.=s|GENRE=m|CAS=r
.	.	PONfrt	MORPH=empty
"	"	PONfbl	MORPH=empty
Lors	lors	ADVgen	DEGRE=-
mistrent	metre2	VERcjg	MODE=ind|TEMPS=psp|PERS.=3|NOMB.=p
de	de	PRE	MORPH=empty
l’eue	sele	NOMcom	NOMB.=s|GENRE=f|CAS=r
en	en1	PRE	MORPH=empty
un	un	DETndf	NOMB.=s|GENRE=m|CAS=r
vaissel	vaissel	NOMcom	NOMB.=s|GENRE=m|CAS=r
,	,	PONfbl	MORPH=empty
et	et	CONcoo	MORPH=empty
seinz	saint	ADJqua	NOMB.=s|GENRE=m|CAS=n|DEGRE=p
Lorenz	lorenc	NOMpro	MORPH=empty
lava	laver	VERcjg	MODE=ind|TEMPS=psp|PERS.=3|NOMB.=s
les	le	DETdef	NOMB.=p|GENRE=m|CAS=r
piéz	pié	NOMcom	NOMB.=p|GENRE=m|CAS=r
de	de	PRE	MORPH=empty
toz	tot	DETind	NOMB.=p|GENRE=m|CAS=r
les	le	DETdef	NOMB.=p|GENRE=m|CAS=r
seinz	saint	ADJqua	NOMB.=p|GENRE=m|CAS=r|DEGRE=p
homes	ome	NOMcom	NOMB.=p|GENRE=m|CAS=r
qi	qui	PROrel	NOMB.=p|GENRE=m|CAS=n
laienz	laienz	ADVgen	DEGRE=-
estoient	estre1	VERcjg	MODE=ind|TEMPS=ipf|PERS.=3|NOMB.=p
.	.	PONfrt	MORPH=empty
Qant	cant1	CONsub	MORPH=empty
il	il	PROper	PERS.=3|NOMB.=s|GENRE=m|CAS=n
vint	venir	VERcjg	MODE=ind|TEMPS=psp|PERS.=3|NOMB.=s
à	a3	PRE	MORPH=empty
seint	saint	ADJqua	NOMB.=s|GENRE=m|CAS=r|DEGRE=p
Justin	justin	NOMpro	NOMB.=s|GENRE=m|CAS=r
illi	il	NOMpro	PERS.=3|NOMB.=s|GENRE=m|CAS=r
commenca	comencier	VERcjg	MODE=ind|TEMPS=psp|PERS.=3|NOMB.=s
à	a3	PRE	MORPH=empty
laver	laver	VERinf	MORPH=empty
les	le	DETdef	NOMB.=p|GENRE=m|CAS=r
piéz	pié	NOMcom	NOMB.=p|GENRE=m|CAS=r
et	et	CONcoo	MORPH=empty
à	a3	PRE	MORPH=empty
beisier	baisier	VERinf	NOMB.=x|GENRE=x|CAS=x
.	.	PONfrt	MORPH=empty
Et	et	CONcoo	MORPH=empty
qant	cant1	CONsub	MORPH=empty
il	il	PROper	PERS.=3|NOMB.=s|GENRE=m|CAS=n
ot	avoir	VERcjg	MODE=ind|TEMPS=psp|PERS.=3|NOMB.=s
ce	ce1	PROdem	NOMB.=s|GENRE=n|CAS=r
fet	faire	VERppe	NOMB.=s|GENRE=m|CAS=r
;	;	PONfbl	MORPH=empty
il	il	PROper	PERS.=3|NOMB.=s|GENRE=m|CAS=n
se	soi1	PROper	PERS.=3|NOMB.=s|GENRE=m|CAS=r
commanda	comander	VERcjg	MODE=ind|TEMPS=psp|PERS.=3|NOMB.=s
à	a3	PRE	MORPH=empty
seint	saint	ADJqua	NOMB.=s|GENRE=m|CAS=r|DEGRE=p
Justin	justin	NOMpro	NOMB.=s|GENRE=m|CAS=r
le	le	DETdef	NOMB.=s|GENRE=m|CAS=r
prestre	prestre	NOMcom	NOMB.=s|GENRE=m|CAS=r
,	,	PONfbl	MORPH=empty
et	et	CONcoo	MORPH=empty
si	si	ADVgen	DEGRE=-
se	soi1	PROper	PERS.=3|NOMB.=s|GENRE=m|CAS=r
departi	departir	VERcjg	MODE=ind|TEMPS=psp|PERS.=3|NOMB.=s
de	de	PRE	MORPH=empty
là	là	ADVgen	DEGRE=-
à	a3	PRE	MORPH=empty
cele	cel	DETdem	NOMB.=s|GENRE=f|CAS=r
hore	ëur	NOMcom	NOMB.=s|GENRE=f|CAS=r
.	.	PONfrt	MORPH=empty
A	a3	PRE	MORPH=empty
donc	donc	ADVgen	DEGRE=-
vit	vëoir	VERcjg	MODE=ind|TEMPS=psp|PERS.=3|NOMB.=s
seinz	saint	ADJqua	NOMB.=s|GENRE=m|CAS=n|DEGRE=p
Lorenz	lorent	NOMpro	NOMB.=p
con	come1	CONsub	MORPH=empty
en	en2	PROadv	MORPH=empty
menoit	mener	VERcjg	MODE=ind|TEMPS=ipf|PERS.=3|NOMB.=s
seint	saint	ADJqua	NOMB.=s|GENRE=m|CAS=r|DEGRE=p
Syxte	sulite	NOMpro	NOMB.=s|GENRE=f|CAS=r
,	,	PONfbl	MORPH=empty
et	et	CONcoo	MORPH=empty
aveuqes	avuec	PRE	MORPH=empty
les	le	DETdef	PERS.=3|NOMB.=p|GENRE=f|CAS=r
.	.	PONfrt	MORPH=empty
II	deus	DETcar	NOMB.=p|GENRE=m|CAS=r
.	.	PONfrt	MORPH=empty
dyacres	dïasbre	NOMcom	NOMB.=p|GENRE=m|CAS=n
seint	saint	ADJqua	NOMB.=s|GENRE=m|CAS=r|DEGRE=p
Felicisme	feloise	NOMpro	NOMB.=s|GENRE=m|CAS=r
,	,	PONfbl	MORPH=empty
et	et	CONcoo	MORPH=empty
seint	saint	ADJqua	NOMB.=s|GENRE=m|CAS=r|DEGRE=p
Agapite	agaitier	NOMpro	NOMB.=s|GENRE=m|CAS=r
devant	devant	PRE	DEGRE=-
Decie	deci	PRE	DEGRE=-
Cesar	cesar	ADJqua	NOMB.=s|GENRE=m|CAS=r
l’empereor	sempere	NOMcom	NOMB.=s|GENRE=m|CAS=r
,	,	PONfbl	MORPH=empty
et	et	CONcoo	MORPH=empty
devant	devant	PRE	MORPH=empty
Valerien	val-alie	NOMpro	NOMB.=s|GENRE=f|CAS=r
le	le	DETdef	NOMB.=s|GENRE=m|CAS=r
prevost	prevoste	NOMcom	NOMB.=s|GENRE=m|CAS=r
.	.	PONfrt	MORPH=empty
Qant	cant1	CONsub	MORPH=empty
Decies	deci	ADVgen	CAS=n|DEGRE=-
vit	vëoir	VERcjg	MODE=ind|TEMPS=psp|PERS.=3|NOMB.=s
seint	saint	ADJqua	NOMB.=s|GENRE=m|CAS=r|DEGRE=p
Syxte	sulie	NOMpro	NOMB.=s|GENRE=m|CAS=r
,	,	PONfbl	MORPH=empty
si	si	ADVgen	DEGRE=-
li	il	PROper	PERS.=3|NOMB.=s|GENRE=m|CAS=i
dist	dire	VERcjg	MODE=ind|TEMPS=psp|PERS.=3|NOMB.=s
:	:	PONfbl	MORPH=empty
"	"	PONfbl	MORPH=empty
Nos	nos1	PROper	PERS.=1|NOMB.=p|GENRE=m|CAS=n
te	tu	PROper	PERS.=2|NOMB.=s|GENRE=m|CAS=r
conseillons	conseillier1	VERcjg	MODE=ind|PERS.=1|NOMB.=p
por	por2	PRE	MORPH=empty
ce	ce1	PROdem	NOMB.=s|GENRE=n|CAS=r
qe	que4	CONsub	NOMB.=s|CAS=r
tu	tu	PROper	PERS.=2|NOMB.=s|GENRE=m|CAS=n
es	estre1	VERcjg	MODE=ind|TEMPS=pst|PERS.=2|NOMB.=s
vielz	vieil	ADJqua	NOMB.=s|GENRE=m|CAS=n|DEGRE=p
hom	ome	NOMcom	NOMB.=s|GENRE=m|CAS=n
,	,	PONfbl	MORPH=empty
qe	que4	CONsub	MORPH=empty
tu	tu	PROper	PERS.=2|NOMB.=s|GENRE=m|CAS=n
faces	faire	VERcjg	MODE=sub|TEMPS=pst|PERS.=2|NOMB.=p
mes	mais1	DETpos	PERS.=1|NOMB.=s|GENRE=m|CAS=r
commandemenz	comandement	NOMcom	NOMB.=s|GENRE=m|CAS=r
,	,	PONfbl	MORPH=empty
et	et	CONcoo	MORPH=empty
si	si	ADVgen	DEGRE=-
sacrefie	sacrefiier	VERcjg	MODE=ind|TEMPS=pst|PERS.=2|NOMB.=s
à	a3	PRE	MORPH=empty
noz	nostre	DETpos	PERS.=1|NOMB.=p|GENRE=m|CAS=r
dex	dieu	NOMcom	NOMB.=s|GENRE=m|CAS=n
.	.	PONfrt	MORPH=empty
"	"	PONfbl	MORPH=empty
Seins	saint	ADJqua	NOMB.=s|GENRE=m|CAS=n|DEGRE=p
Syxtes	setus	NOMpro	NOMB.=s|GENRE=m|CAS=n
respondi	respondre1	VERcjg	MODE=ind|TEMPS=psp|PERS.=3|NOMB.=s
:	:	PONfbl	MORPH=empty
"	"	PONfbl	MORPH=empty
Chetif	chaitif	ADJqua	NOMB.=s|GENRE=m|CAS=n
més	mais1	CONcoo	MORPH=empty
conseille	conseillier1	VERcjg	NOMB.=s
toisi	tost1	ADVgen	NOMB.=s|CAS=r
ne	ne1	ADVneg	MORPH=empty
me	je	PROper	PERS.=1|NOMB.=s|GENRE=m|CAS=r
blasme	blasmer	VERcjg	MODE=ind|PERS.=1|NOMB.=s
mie	mie	ADVneg	MORPH=empty
et	et	CONcoo	MORPH=empty
pren	prendre	VERcjg	MODE=imp|PERS.=2|NOMB.=s
ta	ton4	DETpos	PERS.=2|NOMB.=s|GENRE=f|CAS=r
peneance	pensee	NOMcom	NOMB.=s|GENRE=f|CAS=r
et	et	CONcoo	MORPH=empty
si	si	ADVgen	DEGRE=-
la	il	PROper	NOMB.=s|GENRE=f|CAS=r
fai	faire	VERcjg	MODE=imp|PERS.=2|NOMB.=s
,	,	PONfbl	MORPH=empty
por	por2	PRE	MORPH=empty
ce	ce1	PROdem	NOMB.=s|GENRE=n|CAS=r
qe	que4	CONsub	NOMB.=s|CAS=r
tu	tu	PROper	PERS.=2|NOMB.=s|GENRE=m|CAS=n
as	avoir	VERcjg	MODE=ind|TEMPS=pst|PERS.=2|NOMB.=s
tant	tant	ADVgen	DEGRE=-
de	de	PRE	MORPH=empty
sanc	sanc	NOMcom	NOMB.=s|GENRE=m|CAS=r
de	de	PRE	MORPH=empty
seinz	saint	ADJqua	NOMB.=s|GENRE=m|CAS=r|DEGRE=p
homes	ome	NOMcom	NOMB.=p|GENRE=m|CAS=r
espandu	espandre	VERppe	NOMB.=s|GENRE=m|CAS=r
sor	sor2	PRE	MORPH=empty
terre	terre	NOMcom	NOMB.=s|GENRE=f|CAS=r
.	.	PONfrt	MORPH=empty
"	"	PONfbl	MORPH=empty
Donc	donc	ADVgen	DEGRE=-
dist	dire	VERcjg	MODE=ind|TEMPS=pst|PERS.=3|NOMB.=s
Decies	decier	OUT	DEGRE=-
Cesar	cesar	NOMpro	NOMB.=s|GENRE=m|CAS=n
qi	qui	PROrel	NOMB.=s|GENRE=m|CAS=n
pleinz	plein	ADJqua	NOMB.=s|GENRE=m|CAS=n|DEGRE=p
estoit	estre1	VERcjg	MODE=ind|TEMPS=ipf|PERS.=3|NOMB.=s
de	de	PRE	MORPH=empty
grant	grant	ADJqua	NOMB.=s|GENRE=f|CAS=r|DEGRE=p
forsenerie	forsenerie	NOMcom	NOMB.=s|GENRE=f|CAS=r
à	a3	PRE	MORPH=empty
Valerien	val-age	NOMpro	NOMB.=s|GENRE=f|CAS=r
:	:	PONfbl	MORPH=empty
"	"	PONfbl	MORPH=empty
Se	se	CONsub	MORPH=empty
cil	cel	PROdem	NOMB.=s|GENRE=m|CAS=n
n’est	naistre	VERcjg	MODE=ind|TEMPS=pst|PERS.=3|NOMB.=s
morz	morir	VERppe	NOMB.=s|GENRE=m|CAS=n
,	,	PONfbl	MORPH=empty
la	le	DETdef	NOMB.=s|GENRE=f|CAS=n
poor	pëor	NOMcom	NOMB.=s|GENRE=f|CAS=r
de	de	PRE	MORPH=empty
toi	tu	PROper	PERS.=2|NOMB.=s|GENRE=m|CAS=i
n’ert	naire	VERcjg	MODE=ind|TEMPS=ipf|PERS.=3|NOMB.=s
graves	gravel	ADJqua	NOMB.=s|GENRE=f|CAS=n
cremue	criembre	VERppe	NOMB.=s|GENRE=f|CAS=n
.	.	PONfrt	MORPH=empty
"	"	PONfbl	MORPH=empty
Valeriens	val-ederie	NOMpro	NOMB.=s|GENRE=m|CAS=n
li	il	PROper	PERS.=3|NOMB.=s|GENRE=m|CAS=i
respondi	respondre1	VERcjg	MODE=ind|TEMPS=psp|PERS.=3|NOMB.=s
coumant	coment1	ADVsub	MORPH=empty
l’en	segm	OUT	NOMB.=s
q’il	cel	PROcar	PERS.=3|NOMB.=s|GENRE=m|CAS=n
ait	avoir	VERcjg	MODE=sub|TEMPS=pst|PERS.=3|NOMB.=s
la	le	DETdef	NOMB.=s|GENRE=f|CAS=r
teste	teste	NOMcom	NOMB.=s|GENRE=f|CAS=r
trenchié	trenchier1	VERppe	NOMB.=s|GENRE=m|CAS=r
.	.	PONfrt	MORPH=empty
Lors	lors	ADVgen	DEGRE=-
respondirent	respondre1	VERcjg	MODE=ind|TEMPS=psp|PERS.=3|NOMB.=p
seinz	saint	ADJqua	NOMB.=p|GENRE=m|CAS=n|DEGRE=p
Agapites	agaitier	NOMpro	NOMB.=s|GENRE=m|CAS=n
et	et	CONcoo	MORPH=empty
seinz	saint	ADJqua	NOMB.=s|GENRE=m|CAS=n|DEGRE=p
Felicismecom	felonice	NOMpro	NOMB.=p|GENRE=m|CAS=r
qi	qui	PROrel	NOMB.=p|GENRE=m|CAS=n
dyacre	dïable	NOMcom	NOMB.=p|GENRE=x|CAS=n
estoient	estre1	VERcjg	MODE=ind|TEMPS=ipf|PERS.=3|NOMB.=p
,	,	PONfbl	MORPH=empty
et	et	CONcoo	MORPH=empty
si	si	ADVgen	DEGRE=-
distrent	dire	VERcjg	MODE=ind|TEMPS=psp|PERS.=3|NOMB.=p
:	:	PONfbl	MORPH=empty
"	"	PONfbl	MORPH=empty
Chetif	chaitif	NOMcom	NOMB.=s|GENRE=m|CAS=n
se	se	CONsub	MORPH=empty
vos	vos	PROper	PERS.=2|NOMB.=p|GENRE=m|CAS=n
oéz	oir	VERcjg	MODE=ind|PERS.=2|NOMB.=p
et	et	CONcoo	MORPH=empty
entendéz	entendre	VERcjg	MODE=imp|PERS.=2|NOMB.=p
les	le	DETdef	NOMB.=p|GENRE=m|CAS=r
commandemenz	comandement	NOMcom	NOMB.=p|GENRE=m|CAS=r
,	,	PONfbl	MORPH=empty
et	et	CONcoo	MORPH=empty
les	le	DETdef	NOMB.=p|GENRE=m|CAS=r
amonestemenz	amonestement	NOMcom	NOMB.=p|GENRE=m|CAS=r
de	de	PRE	MORPH=empty
Nostre	nostre	DETpos	PERS.=1|NOMB.=s|GENRE=m|CAS=r
Signor	seignor	NOMcom	NOMB.=s|GENRE=m|CAS=r
;	;	PONfbl	MORPH=empty
vos	vos	PROper	PERS.=2|NOMB.=p|GENRE=m|CAS=n
porriés	pöoir	VERcjg	MODE=ind|TEMPS=ipf|PERS.=2|NOMB.=p
eschaper	eschaper	VERinf	NOMB.=x|GENRE=x|CAS=x
des	de+le	PRE.DETdef	NOMB.=p|GENRE=f|CAS=r
peines	peine	NOMcom	NOMB.=p|GENRE=f|CAS=r
pardurables	pardurable	ADJqua	NOMB.=p|GENRE=m|CAS=r|DEGRE=p
qi	qui	PROrel	NOMB.=p|GENRE=m|CAS=n
voz	vos	PROper	PERS.=2|NOMB.=p|GENRE=m|CAS=i
traveilleront	travaillier	VERcjg	MODE=ind|TEMPS=fut|PERS.=3|NOMB.=p
et	et	CONcoo	MORPH=empty
tormenteront	tormenter	VERcjg	MODE=ind|TEMPS=psp|PERS.=3|NOMB.=p
.	.	PONfrt	MORPH=empty
"	"	PONfbl	MORPH=empty
Valeriens	val-edie	NOMpro	NOMB.=s|GENRE=m|CAS=n
li	le	DETdef	NOMB.=s|GENRE=m|CAS=n
prevoz	prevoste	NOMcom	NOMB.=s|GENRE=m|CAS=n
dist	dire	VERcjg	MODE=ind|TEMPS=psp|PERS.=3|NOMB.=s
:	:	PONfbl	MORPH=empty
"	"	PONfbl	MORPH=empty
Por	por2	PRE	MORPH=empty
qoi	que3	PROint	NOMB.=s|GENRE=m|CAS=i
vivent	vivre1	VERcjg	MODE=ind|TEMPS=pst|PERS.=3|NOMB.=p
cist	cest	PROdem	NOMB.=s|GENRE=m|CAS=r
si	si	ADVgen	DEGRE=-
longement	longement	ADVgen	DEGRE=-
qi	qui	PROrel	NOMB.=p|GENRE=m|CAS=n
noz	nos1	PROper	PERS.=1|NOMB.=p|GENRE=m|CAS=r
prometent	prometre	VERcjg	MODE=ind|TEMPS=pst|PERS.=3|NOMB.=p
à	a3	PRE	MORPH=empty
avoir	avoir	VERinf	NOMB.=x|GENRE=x|CAS=x
si	si	ADVgen	DEGRE=-
griez	grief	ADJqua	NOMB.=s|GENRE=m|CAS=r|DEGRE=p
tormenz	torment	NOMcom	NOMB.=p|GENRE=m|CAS=r
?	?	PONfrt	MORPH=empty
Menéz	mener	VERcjg	MODE=imp|PERS.=2|NOMB.=p
les	il	PROper	PERS.=3|NOMB.=p|GENRE=m|CAS=r
encore	encore	ADVgen	DEGRE=-
au	a3+le	PRE.DETdef	NOMB.=s|GENRE=m|CAS=r
temple	temple1	NOMcom	NOMB.=s|GENRE=m|CAS=r
de	de	PRE	MORPH=empty
noz	nostre	DETpos	PERS.=1|NOMB.=p|GENRE=m|CAS=r
dex	dieu	NOMcom	NOMB.=s|GENRE=m|CAS=r
,	,	PONfbl	MORPH=empty
et	et	CONcoo	MORPH=empty
si	si	ADVgen	DEGRE=-
facent	faire	VERcjg	MODE=sub|TEMPS=pst|PERS.=3|NOMB.=p
sacrefice	sacrecier	NOMcom	NOMB.=s|GENRE=m|CAS=r
,	,	PONfbl	MORPH=empty
et	et	CONcoo	MORPH=empty
se	se	CONsub	MORPH=empty
il	il	PROper	PERS.=3|NOMB.=p|GENRE=m|CAS=n
ne	ne1	ADVneg	MORPH=empty
le	il	PROper	PERS.=3|NOMB.=s|GENRE=m|CAS=r
voelent	voloir	VERcjg	MODE=ind|TEMPS=pst|PERS.=3|NOMB.=p
faire	faire	VERinf	NOMB.=x|GENRE=x|CAS=x
,	,	PONfbl	MORPH=empty
si	si	ADVgen	DEGRE=-
lor	il	PROper	PERS.=3|NOMB.=p|GENRE=m|CAS=r
trenché	trenchier1	VERcjg	MODE=ind|PERS.=2|NOMB.=p|GENRE=m|CAS=n
l’en	segm	NOMcom	NOMB.=p
en	en1	PRE	MORPH=empty
meismes	mëisme	ADJind	NOMB.=p|GENRE=m|CAS=r
leu	lieu	NOMcom	NOMB.=p|GENRE=m|CAS=r
les	le	DETdef	NOMB.=p|GENRE=f|CAS=r
testes	teste	NOMcom	NOMB.=p|GENRE=f|CAS=r
.	.	PONfrt	MORPH=empty
"	"	PONfbl	MORPH=empty
Donc	donc	ADVgen	DEGRE=-
furent	estre1	VERcjg	MODE=ind|TEMPS=psp|PERS.=3|NOMB.=p
mené	mener	VERppe	NOMB.=p|GENRE=m|CAS=n
li	le	DETdef	NOMB.=p|GENRE=m|CAS=n
.	.	PONfrt	MORPH=empty
III	trois	DETcar	NOMB.=p|GENRE=m|CAS=r
.	.	PONfrt	MORPH=empty
saint	saint	ADJqua	NOMB.=s|GENRE=m|CAS=r|DEGRE=p
home	ome	NOMcom	NOMB.=s|GENRE=m|CAS=r
au	a3+le	PRE.DETdef	NOMB.=s|GENRE=m|CAS=r
temple	temple1	NOMcom	NOMB.=s|GENRE=m|CAS=r
qi	qui	PROrel	NOMB.=s|GENRE=m|CAS=n
estoit	estre1	VERcjg	MODE=ind|TEMPS=ipf|PERS.=3|NOMB.=s
defors	defors	PRE	DEGRE=-
les	le	DETdef	NOMB.=p|GENRE=m|CAS=r
murs	mur	NOMcom	NOMB.=p|GENRE=m|CAS=n
de	de	PRE	MORPH=empty
la	le	DETdef	NOMB.=s|GENRE=f|CAS=r
porte	porte1	NOMcom	NOMB.=s|GENRE=f|CAS=r
qi	qui	PROrel	NOMB.=s|GENRE=f|CAS=n
est	estre1	VERcjg	MODE=ind|TEMPS=pst|PERS.=3|NOMB.=s
apelee	apeler	VERppe	NOMB.=s|GENRE=f|CAS=n
Apie	apier	INJ	NOMB.=s|GENRE=m|CAS=r
.	.	PONfrt	MORPH=empty
Lors	lors	ADVgen	DEGRE=-
comenca	comencier	VERcjg	MODE=ind|TEMPS=psp|PERS.=3|NOMB.=s
seint	saint	ADJqua	NOMB.=s|GENRE=m|CAS=r|DEGRE=p
Syxtesà	sustier	NOMpro	NOMB.=s|GENRE=m
dire	dire	VERinf	NOMB.=x|GENRE=x|CAS=x
qant	cant1	CONsub	MORPH=empty
il	il	PROper	PERS.=3|NOMB.=p|GENRE=m|CAS=n
furent	estre1	VERcjg	MODE=ind|TEMPS=psp|PERS.=3|NOMB.=p
venu	venir	VERppe	NOMB.=p|GENRE=m|CAS=n
al	a3+le	PRE.DETdef	NOMB.=s|GENRE=m|CAS=r
temple	temple1	NOMcom	NOMB.=s|GENRE=m|CAS=r
:	:	PONfbl	MORPH=empty
"	"	PONfbl	MORPH=empty
Veéz	vëoir	VERcjg	MODE=imp|TEMPS=pst|PERS.=2|NOMB.=p
ici	ici	ADVgen	DEGRE=-
les	le	DETdef	NOMB.=p|GENRE=f|CAS=r
ydoles	hilleus	NOMcom	NOMB.=p|GENRE=f|CAS=r
veines	vain	ADJqua	NOMB.=p|GENRE=f|CAS=r|DEGRE=p
et	et	CONcoo	MORPH=empty
mues	müet	ADJqua	NOMB.=p|GENRE=m|CAS=r
et	et	CONcoo	MORPH=empty
sordes	sordre1	ADJqua	NOMB.=p|GENRE=f|CAS=r|DEGRE=p
feites	faire	VERppe	NOMB.=p
de	de	PRE	MORPH=empty
pierre	piere	NOMcom	NOMB.=s|GENRE=f|CAS=r
qe	que4	CONsub	CAS=r
li	le	DETdef	NOMB.=p|GENRE=m|CAS=n
chetif	chaitif	NOMcom	NOMB.=p|GENRE=m|CAS=n
enclinent	encliner	VERcjg	MODE=ind|TEMPS=pst|PERS.=3|NOMB.=p
,	,	PONfbl	MORPH=empty
et	et	CONcoo	MORPH=empty
aeurent	avoir	VERcjg	MODE=ind|TEMPS=psp|PERS.=3|NOMB.=p
porce	porce	ADVsub	NOMB.=s|GENRE=f|CAS=r
q’il	cel	PROdem	PERS.=3|NOMB.=p|GENRE=m|CAS=i
perdent	perdre	VERcjg	MODE=ind|TEMPS=pst|PERS.=3|NOMB.=p
la	le	DETdef	NOMB.=s|GENRE=f|CAS=r
vie	vie1	NOMcom	NOMB.=s|GENRE=f|CAS=r
pardurable	pardurable	ADJqua	NOMB.=s|GENRE=f|CAS=r|DEGRE=p
.	.	PONfrt	MORPH=empty
"	"	PONfbl	MORPH=empty
Lors	lors	ADVgen	DEGRE=-
esgarda	esgarder	VERcjg	MODE=ind|TEMPS=psp|PERS.=3|NOMB.=s
il	il	PROper	PERS.=3|NOMB.=s|GENRE=m|CAS=n
le	le	DETdef	NOMB.=s|GENRE=m|CAS=r
temple	temple1	NOMcom	NOMB.=s|GENRE=m|CAS=r
et	et	CONcoo	MORPH=empty
dist	dire	VERcjg	MODE=ind|TEMPS=psp|PERS.=3|NOMB.=s
:	:	PONfbl	MORPH=empty
"	"	PONfbl	MORPH=empty
Jesu	jhesu	NOMpro	NOMB.=s|GENRE=m|CAS=r
Criz	crist	NOMpro	NOMB.=s|GENRE=m|CAS=r
Li	le	DETdef	NOMB.=s|GENRE=m|CAS=n
Fiuz	fil2	NOMcom	NOMB.=s|GENRE=m|CAS=n
Deu	dieu	NOMpro	NOMB.=s|GENRE=m|CAS=r
te	tu	PROper	PERS.=2|NOMB.=s|GENRE=m|CAS=r
destruise	destruire	VERcjg	MODE=ind|TEMPS=pst|NOMB.=s
.	.	PONfrt	MORPH=empty
"	"	PONfbl	MORPH=empty
Et	et	CONcoo	MORPH=empty
tuit	tot	DETind	NOMB.=p|GENRE=m|CAS=n
cil	cel	PROdem	NOMB.=p|GENRE=m|CAS=n
qi	qui	PROrel	NOMB.=p|GENRE=m|CAS=n
là	là	ADVgen	DEGRE=-
estoient	estre1	VERcjg	MODE=ind|TEMPS=ipf|PERS.=3|NOMB.=p
crestien	crestiien	NOMcom	NOMB.=p|GENRE=m|CAS=n|DEGRE=p
respondirent	respondre1	VERcjg	MODE=ind|TEMPS=psp|PERS.=3|NOMB.=p
amen	amen	NOMcom	MORPH=empty
,	,	PONfbl	MORPH=empty
et	et	CONcoo	MORPH=empty
meintenant	maintenant	ADVgen	DEGRE=-
chai	chëoir	VERcjg	MODE=ind|TEMPS=psp|NOMB.=s
une	un	DETndf	NOMB.=s|GENRE=f|CAS=n
mout	mout	ADVgen	DEGRE=s
grant	grant	ADJqua	NOMB.=s|GENRE=f|CAS=r|DEGRE=p
partie	partie	NOMcom	NOMB.=s|GENRE=f|CAS=r
de	de	PRE	MORPH=empty
L	le	DETdef	NOMB.=s|GENRE=m|CAS=r
temple	temple1	NOMcom	NOMB.=s|GENRE=m|CAS=r
,	,	PONfbl	MORPH=empty
et	et	CONcoo	MORPH=empty
si	si	ADVgen	DEGRE=-
combrisa	combrisier	VERcjg	MODE=ind|TEMPS=psp|PERS.=3|NOMB.=s
les	le	DETdef	NOMB.=p|GENRE=f|CAS=r
ydoles	idle	NOMcom	NOMB.=p|GENRE=f|CAS=r
et	et	CONcoo	MORPH=empty
les	le	DETdef	NOMB.=p|GENRE=f|CAS=r
ymages	image	NOMcom	NOMB.=p|GENRE=f|CAS=r
qi	qui	PROrel	NOMB.=p|GENRE=m|CAS=n
dedenz	dedenz	ADVgen	DEGRE=-
estoient	estre1	VERcjg	MODE=ind|TEMPS=ipf|PERS.=3|NOMB.=p
.	.	PONfrt	MORPH=empty
Quant	cant1	CONsub	MORPH=empty
seinz	saint	ADJqua	NOMB.=s|GENRE=m|CAS=n|DEGRE=p
Lorenzvit	lorencier	NOMpro	MODE=ind|TEMPS=psp|PERS.=3|NOMB.=s
ce	ce1	PROdem	NOMB.=s|GENRE=n|CAS=r
qi	qui	PROrel	NOMB.=s|GENRE=m|CAS=n
avec	avuec	PRE	MORPH=empty
aus	il	PROper	PERS.=3|NOMB.=p|GENRE=m|CAS=i
estoit	estre1	VERcjg	MODE=ind|TEMPS=ipf|PERS.=3|NOMB.=s
;	;	PONfbl	MORPH=empty
il	il	PROper	PERS.=3|NOMB.=s|GENRE=m|CAS=n
commenca	comencier	VERcjg	MODE=ind|TEMPS=psp|PERS.=3|NOMB.=s
à	a3	PRE	MORPH=empty
crier	crïer2	VERinf	NOMB.=x|GENRE=x|CAS=x
et	et	CONcoo	MORPH=empty
à	a3	PRE	MORPH=empty
dire	dire	VERinf	NOMB.=x|GENRE=x|CAS=x
:	:	PONfbl	MORPH=empty
"	"	PONfbl	MORPH=empty
Seinz	saint	ADJqua	NOMB.=s|GENRE=m|CAS=n|DEGRE=p
peres	pere	NOMcom	NOMB.=s|GENRE=m|CAS=n
ne	ne1	ADVneg	MORPH=empty
me	je	PROper	PERS.=1|NOMB.=s|GENRE=m|CAS=i
deguerpiz	deguerpir	VERcjg	MODE=ind|TEMPS=ipf|PERS.=2|NOMB.=s
mie	mie	ADVneg	MORPH=empty
.	.	PONfrt	MORPH=empty
Car	car	CONcoo	DEGRE=-
j’ai	ja	VERcjg	MODE=ind|TEMPS=psp|PERS.=1|NOMB.=s
les	le	DETdef	NOMB.=p|GENRE=m|CAS=r
tresors	tresor	NOMcom	NOMB.=p|GENRE=m|CAS=r
toz	tot	ADVgen	NOMB.=p|GENRE=m|CAS=r
qe	que4	CONsub	MORPH=empty
tu	tu	PROper	PERS.=2|NOMB.=s|GENRE=m|CAS=n
me	je	PROper	PERS.=1|NOMB.=s|GENRE=m|CAS=i
lessas	laissier	VERcjg	MODE=sub|TEMPS=ipf|PERS.=2|NOMB.=s
departiz	departir	VERppe	NOMB.=s|GENRE=m|CAS=n
et	et	CONcoo	MORPH=empty
donéz	doner	VERppe	NOMB.=p|GENRE=m|CAS=r
as	a3+le	PRE.DETdef	NOMB.=p|GENRE=m|CAS=r
povrez	povre	NOMcom	NOMB.=p|GENRE=m|CAS=r
.	.	PONfrt	MORPH=empty
"	"	PONfbl	MORPH=empty
Qant	cant1	CONsub	MORPH=empty
li	le	DETdef	NOMB.=p|GENRE=m|CAS=n
chevalier	chevalier	NOMcom	NOMB.=p|GENRE=m|CAS=n
qi	qui	PROrel	NOMB.=p|GENRE=m|CAS=n
la	là	ADVgen	DEGRE=-
estoient	estre1	VERcjg	MODE=ind|TEMPS=ipf|PERS.=3|NOMB.=p
oïrent	oir	VERcjg	MODE=ind|TEMPS=psp|PERS.=3|NOMB.=p
qe	que4	CONsub	MORPH=empty
seinz	saint	ADJqua	NOMB.=s|GENRE=m|CAS=n|DEGRE=p
Lorenz	lorenc	NOMpro	NOMB.=p|GENRE=m|CAS=n
avoit	avoir	VERcjg	MODE=ind|TEMPS=ipf|PERS.=3|NOMB.=s
tresors	tresor	NOMcom	NOMB.=p|GENRE=m|CAS=r
il	il	PROper	PERS.=3|NOMB.=p|GENRE=m|CAS=n
le	il	PROper	PERS.=3|NOMB.=s|GENRE=m|CAS=r
pristrent	prendre	VERcjg	MODE=ind|TEMPS=psp|PERS.=3|NOMB.=p
.	.	PONfrt	MORPH=empty
Et	et	CONcoo	MORPH=empty
seint	saint	ADJqua	NOMB.=s|GENRE=m|CAS=r|DEGRE=p
Syxtes	setus	NOMpro	NOMB.=s|GENRE=m|CAS=n
et	et	CONcoo	MORPH=empty
ses	son4	DETpos	PERS.=3|NOMB.=s|GENRE=m|CAS=r
.	.	PONfrt	MORPH=empty
II	deus	DETcar	NOMB.=p|GENRE=m|CAS=r
.	.	PONfrt	MORPH=empty
compaignons	compagnon	NOMcom	NOMB.=p|GENRE=m|CAS=n
furent	estre1	VERcjg	MODE=ind|TEMPS=psp|PERS.=3|NOMB.=p
iluec	iluec	ADVgen	DEGRE=-
devant	devant	PRE	MORPH=empty
aus	il	PROper	NOMB.=p|GENRE=m|CAS=i
decoler	decoler1	VERinf	NOMB.=x|GENRE=x|CAS=x
,	,	PONfbl	MORPH=empty
et	et	CONcoo	MORPH=empty
ce	ce1	PROdem	NOMB.=s|GENRE=n|CAS=n
fu	estre1	VERcjg	MODE=ind|TEMPS=psp|PERS.=3|NOMB.=s
fait	faire	VERppe	NOMB.=s|GENRE=m|CAS=r
as	a3+le	PRE.DETdef	NOMB.=p|GENRE=f|CAS=r
victienesydes	victoire	NOMcom	NOMB.=s|GENRE=f|CAS=r
d’aoust	nasut	ADVgen	TEMPS=ipf|NOMB.=s|GENRE=m|CAS=r
,	,	PONfbl	MORPH=empty
et	et	CONcoo	MORPH=empty
la	là	ADVgen	DEGRE=-
remestrent	remanoir	VERcjg	MODE=ind|TEMPS=psp|PERS.=3|NOMB.=p
licors	licon1	NOMcom	NOMB.=s|GENRE=m|CAS=n
des	de+le	PRE.DETdef	NOMB.=p|GENRE=m|CAS=r
seins	saint	ADJqua	NOMB.=p|GENRE=m|CAS=r|DEGRE=p
martyrs	martir	NOMcom	NOMB.=p|GENRE=m|CAS=r
gisant	jesir	VERppa	NOMB.=x|GENRE=m|CAS=r
en	en1	PRE	MORPH=empty
la	le	DETdef	NOMB.=s|GENRE=f|CAS=r
place	place	NOMcom	NOMB.=s|GENRE=f|CAS=r
,	,	PONfbl	MORPH=empty
tresqa	tresque1	VERcjg	MORPH=empty
la	le	DETdef	NOMB.=s|GENRE=f|CAS=r
nuit	nuit	NOMcom	NOMB.=s|GENRE=f|CAS=r
.	.	PONfrt	MORPH=empty
qe	que4	CONsub	MORPH=empty
li	le	DETdef	NOMB.=p|GENRE=m|CAS=n
prestre	prestre	NOMcom	NOMB.=p|GENRE=m|CAS=n
et	et	CONcoo	MORPH=empty
li	le	DETdef	NOMB.=p|GENRE=m|CAS=n
clerc	clerc	NOMcom	NOMB.=p|GENRE=m|CAS=n
qi	qui	PROrel	NOMB.=p|GENRE=m|CAS=n
dyacre	dïable	NOMcom	NOMB.=p|GENRE=x|CAS=n
estoient	estre1	VERcjg	MODE=ind|TEMPS=ipf|PERS.=3|NOMB.=p
.	.	PONfrt	MORPH=empty
et	et	CONcoo	MORPH=empty
grans	grant	ADJqua	NOMB.=p|GENRE=f|CAS=r|DEGRE=p
torbes	torbe2	NOMcom	NOMB.=p|GENRE=f|CAS=r
de	de	PRE	MORPH=empty
crestiens	crestiien	NOMcom	NOMB.=p|GENRE=m|CAS=r
pristrent	prendre	VERcjg	MODE=ind|TEMPS=psp|PERS.=3|NOMB.=p
le	le	DETdef	NOMB.=s|GENRE=m|CAS=r
cors	cors1	NOMcom	NOMB.=s|GENRE=m|CAS=r
seint	saint	ADJqua	NOMB.=s|GENRE=m|CAS=r|DEGRE=p
Syxte	setiue	NOMpro	NOMB.=s|GENRE=m|CAS=r
le	il	DETdef	PERS.=3|NOMB.=s|GENRE=m|CAS=r
beneoit	benëir	VERcjg	MODE=ind|TEMPS=ipf|PERS.=3|NOMB.=s
martyr	martir	VERinf	NOMB.=s|GENRE=m|CAS=r
,	,	PONfbl	MORPH=empty
si	si	ADVgen	DEGRE=-
l’enfoirent	senefiier	VERcjg	MODE=ind|TEMPS=psp|PERS.=3|NOMB.=p
el	en1+le	PRE.DETdef	NOMB.=s|GENRE=m|CAS=r
cymentiere	cimetiene	NOMcom	NOMB.=s|GENRE=m|CAS=r
seint	saint	ADJqua	NOMB.=s|GENRE=m|CAS=r|DEGRE=p
Calyxte	calite	NOMpro	NOMB.=s|GENRE=f|CAS=r
en	en1	PRE	MORPH=empty
cele	cel	DETdem	NOMB.=s|GENRE=f|CAS=r
meisme	mëisme	ADJind	NOMB.=s|GENRE=f|CAS=r
voie	voie	NOMcom	NOMB.=s|GENRE=f|CAS=r
,	,	PONfbl	MORPH=empty
et	et	CONcoo	MORPH=empty
là	là	ADVgen	DEGRE=-
enfoïrent	enföir1	VERcjg	MODE=ind|TEMPS=psp|PERS.=3|NOMB.=p
il	il	PROper	PERS.=3|NOMB.=p|GENRE=m|CAS=n
en	en1	PRE	MORPH=empty
cel	cel	DETdem	NOMB.=s|GENRE=m|CAS=r
meisme	mëisme	ADJind	NOMB.=s|GENRE=m|CAS=r
jor	jor	NOMcom	NOMB.=s|GENRE=m|CAS=r
seint	saint	ADJqua	NOMB.=s|GENRE=m|CAS=r|DEGRE=p
Felice	felonie	NOMpro	NOMB.=s|GENRE=f|CAS=r
,	,	PONfbl	MORPH=empty
et	et	CONcoo	MORPH=empty
saint	saint	ADJqua	NOMB.=s|GENRE=m|CAS=r|DEGRE=p
Agapite	agaitier	NOMpro	NOMB.=s|GENRE=m|CAS=r
qi	qui	PROrel	NOMB.=p|GENRE=m|CAS=n
furent	estre1	VERcjg	MODE=ind|TEMPS=psp|PERS.=3|NOMB.=p
seint	saint	ADJqua	NOMB.=p|GENRE=m|CAS=r|DEGRE=p
martyr	martir	VERinf	NOMB.=p|GENRE=m|CAS=r
,	,	PONfbl	MORPH=empty
et	et	CONcoo	MORPH=empty
si	si	ADVgen	DEGRE=-
sont	estre1	VERcjg	MODE=ind|TEMPS=pst|PERS.=3|NOMB.=p
en	en1	PRE	MORPH=empty
joie	joie	NOMcom	NOMB.=s|GENRE=f|CAS=r
pardurable	pardurable	ADJqua	NOMB.=s|GENRE=x|CAS=r
où	où	PROrel	NOMB.=s|GENRE=f|CAS=r
Nostre	nostre	DETpos	PERS.=1|NOMB.=s|GENRE=m|CAS=n
Sires	seignor	NOMcom	NOMB.=s|GENRE=m|CAS=n
Jesu	jesu	NOMpro	NOMB.=s|GENRE=m|CAS=n
Criz	crist	NOMpro	NOMB.=s|GENRE=m|CAS=n
nos	nos1	PROper	PERS.=1|NOMB.=p|GENRE=m|CAS=i
octroit	ocire	VERcjg	MODE=ind|TEMPS=ipf|PERS.=3|NOMB.=s
parvenir	parvenir	VERinf	NOMB.=x|GENRE=x|CAS=x
.	.	PONfrt	MORPH=empty
Amen	amen	INJ	MORPH=empty
.	.	PONfrt	MORPH=empty
